Workbook

Sheet README
A1: MASTER SUPPLY SYSTEM — Answerable Biology
A3: One list. The MASTER sheet is the only place data lives. The quarter views, the Full Year view, and the COSTS sheet are formulas that read MASTER — they are never edited and never get out of date. Never maintain a second list.
A5: HOW TO USE IT
A6: 1. Edit only the MASTER sheet. The blue cells (Groups per class, Number of classes) are yours to change; Total needed and every view recalculate.
A7: 2. Groups per class defaults to 8; Number of classes defaults to 3. Change them once per row — or select a column and paste your numbers.
A8: 3. Reusable rows have Number of classes set to 1 on purpose: one physical set (goggles, lamps, card sets) serves every class. Consumable rows multiply by your class count because each class uses them up.
A9: 4. Rows marked 'per class' (fish demo, baking soda, pH solutions) have Groups per class set to 1 — the quantity is per class, not per group.
A10: 5. Handout rows assume 4 students per group (Qty per group = 4 means 1 per student at 8 groups × 4 = 32 students). REVIEW WITH KATHERINE.
A11: 6. If you add a row to MASTER, add it at the bottom of its quarter block and extend that quarter's view down one row (copy the last formula row). Or just work from MASTER — it is sorted by cycle already.
A13: ASSUMPTIONS AND FLAGS
A14: Quarter mapping assumed: Q1 = Cycles 1–5, Q2 = Cycles 6–10, Q3 = Cycles 11–15, Q4 = Cycles 16–20. This is the build's assumption, not Katherine's — cycles are flexible by design, and Cycle 16 (four decks) may land earlier or later in a real year — REVIEW WITH KATHERINE.
A15: Costs are rough purchase estimates for the quantity in the Total column, not quotes — REVIEW WITH KATHERINE. $0 means school copier, school-provided, borrowed, or tap water.
... A22: Legend: blue text = cells you edit. Everything else on MASTER is data you may correct; everything on the views and COSTS is formula — leave it alone.

Sheet MASTER
A1: Quarter (bundle) | B1: Unit | C1: Cycle | D1: Lesson / deck | E1: Activity | F1: Supply | G1: Qty per group | H1: Groups per class | I1: Number of classes | J1: Total needed | K1: Reusable / Consumable | L1: Preparation | M1: Storage | N1: Safety | O1: Approx cost (USD) | P1: Substitute | Q1: Store / purchasing link
A2: Q1 | B2: Classifying Organisms (opening deck of the ecology arc) | C2: 1 | D2: Classifying_Organisms_with_VT_inserts (legacy) | E2: Linnaean cup sort (lab stations) | F2: Plastic cups labeled with the 7 classification levels | G2: 7 | H2: 8 | I2: 1 | J2: =G2*H2*I2 | K2: Reusable | L2: Write one level per cup (or tape printed labels); rubber-band each set of 7. One class set serves all classes and future years. | M2: Rubber-banded sets in one labeled bin: Cycle 01 | N2: — | O2: 8 | P2: Index cards or paper strips in an envelope | Q2: LINK NEEDED (dollar store / grocery)
A3: Q1 | B3: Classifying Organisms (opening deck of the ecology arc) | C3: 1 | D3: Classifying_Organisms_with_VT_inserts (legacy) | E3: 'What's in a Drop?' pond-dip lab | F3: Printed pond-dip lab sheets (1 per student) | G3: 4 | H3: 8 | I3: 3 | J3: =G3*H3*I3 | K3: Consumable | L3: Print 1 per student (qty assumes 4 students per group). Reprint each year. | M3: Hanging file: Cycle 01 | N3: — | O3: 0 | P3: School copier | Q3: http://www.microscopy-uk.org.uk/index-no-ads.html?http://www.microscopy-uk.org.uk/ponddip/
A4: Q1 | B4: Classifying Organisms (opening deck of the ecology arc) | C4: 1 | D4: Classifying_Organisms_with_VT_inserts (legacy) | E4: HHMI DNA-and-phylogeny Click and Learn | F4: Printed HHMI student answer documents (1 per student) | G4: 4 | H4: 8 | I4: 3 | J4: =G4*H4*I4 | K4: Consumable | L4: Print 1 per student. The Click and Learn URL is not in the deck — LINK NEEDED (likely 'Creating Phylogenetic Trees from DNA Sequences'). | M4: Hanging file: Cycle 01 | N4: — | O4: 0 | P4: School copier | Q4: LINK NEEDED (biointeractive.org)
A5: Q1 | B5: Classifying Organisms (opening deck of the ecology arc) | C5: 1 | D5: Classifying_Organisms_with_VT_inserts (legacy) | E5: Every cycle — sims, tank models, fiddles, deck work | F5: Chromebooks / student devices (listed once; used in nearly every cycle) | G5: 4 | H5: 8 | I5: 1 | J5: =G5*H5*I5 | K5: Reusable | L5: School-provided 1:1 devices assumed. Where a cycle has a no-tech alternative it is named in the Ecology Unit Guide / Unit Agenda. | M5: School device cart / 1:1 program | N5: — | O5: 0 | P5: Shared devices or teacher projection | Q5: —
A6: Q1 | B6: Ecosystems & Feeding Relationships (free unit) | C6: 2 | D6: Cycle 02 (CORE) | E6: Two-day food-web build (Days 1–2) | F6: Pacific NW species card sets (printed) | G6: 1 | H6: 8 | I6: 1 | J6: =G6*H6*I6 | K6: Reusable | L6: Print one set per group on cardstock; laminate — the same sets serve all classes and are reused in Cycle 07. RIGHTS REVIEW NEEDED — identify the PDF's author before selling. | M6: Zip bags, one per group: Cycle 02 | N6: — | O6: 5 | P6: Plain-paper sets, replaced yearly | Q6: https://drive.google.com/file/d/17heyT0Y6KVcezjak08wq7Zr8SSNaJyxg/view
A7: Q1 | B7: Ecosystems & Feeding Relationships (free unit) | C7: 2 | D7: Cycle 02 (CORE) | E7: Two-day food-web build (Days 1–2) | F7: Food-web sheets (large paper for the web) | G7: 1 | H7: 8 | I7: 3 | J7: =G7*H7*I7 | K7: Consumable | L7: One large sheet per group per class. | M7: Flat stack: Cycle 02 | N7: — | O7: 4 | P7: Butcher paper or taped copy paper | Q7: LINK NEEDED (school supply)
A8: Q1 | B8: Ecosystems & Feeding Relationships (free unit) | C8: 2 | D8: Cycle 02 (CORE) | E8: Two-day food-web build (Days 1–2) | F8: Markers or pencils for arrows | G8: 4 | H8: 8 | I8: 1 | J8: =G8*H8*I8 | K8: Reusable | L8: Any classroom markers. | M8: General classroom stock | N8: — | O8: 8 | P8: Existing classroom markers | Q8: LINK NEEDED
A9: Q1 | B9: Energy Flow & Trophic Pyramids | C9: 3 | D9: Cycle 03 (CORE) | E9: Energy Flow Stations (Day 1) | F9: Printed station cards (term/organism match, animal cards, process cards) | G9: 1 | H9: 8 | I9: 1 | J9: =G9*H9*I9 | K9: Reusable | L9: Print + laminate one set per station. Note: the deck lists Stations 1, 2, and 4 — no Station 3 — REVIEW WITH KATHERINE. | M9: Zip bags by station: Cycle 03 | N9: — | O9: 4 | P9: Plain-paper sets, replaced yearly | Q9: —
A10: Q1 | B10: Energy Flow & Trophic Pyramids | C10: 3 | D10: Cycle 03 (CORE) | E10: Energy Flow Stations (Day 1) | F10: Station checksheets (printed, 1 per student) | G10: 4 | H10: 8 | I10: 3 | J10: =G10*H10*I10 | K10: Consumable | L10: Print 1 per student. | M10: Hanging file: Cycle 03 | N10: — | O10: 0 | P10: School copier | Q10: https://docs.google.com/document/d/1FkT60NzXXldA0lXlneufTsGY_3IV5_mNdaXnYkdVsnY/edit
A11: Q1 | B11: Energy Flow & Trophic Pyramids | C11: 3 | D11: Cycle 03 (CORE) | E11: Do the Energy Math (Day 2) | F11: Printed pyramid sheets | G11: 1 | H11: 8 | I11: 3 | J11: =G11*H11*I11 | K11: Consumable | L11: One per group per class (or stack cards instead of sheets). | M11: Hanging file: Cycle 03 | N11: — | O11: 0 | P11: School copier | Q11: —
A12: Q1 | B12: Cycles of Matter: The Carbon Cycle | C12: 4 | D12: Cycle 04 (CORE) | E12: Journey through the carbon cycle (dice-and-stations game, Day 2) | F12: Dice (one per station) | G12: 1 | H12: 8 | I12: 1 | J12: =G12*H12*I12 | K12: Reusable | L12: One die per station (stations ≈ groups). | M12: Small box: Cycle 04 | N12: — | O12: 5 | P12: Phone/Chromebook die app or number spinner | Q12: LINK NEEDED
A13: Q1 | B13: Cycles of Matter: The Carbon Cycle | C13: 4 | D13: Cycle 04 (CORE) | E13: Journey through the carbon cycle (dice-and-stations game, Day 2) | F13: Printed carbon-station cards / signs | G13: 1 | H13: 8 | I13: 1 | J13: =G13*H13*I13 | K13: Reusable | L13: One sign per station; laminate once. | M13: Folder: Cycle 04 | N13: — | O13: 2 | P13: Plain-paper signs | Q13: LINK NEEDED (NAGT Carbon Cycle Game — deck holds only nagt.org)
... A81: Q4 | B81: Human Impact Capstone | C81: 20 | D81: Cycle 20 (CORE, capstone) | E81: One-page proposal (capstone product) | F81: Printed structured-argument templates (1 per student) | G81: 4 | H81: 8 | I81: 3 | J81: =G81*H81*I81 | K81: Consumable | L81: The template is SOURCE NOT YET LOCATED — locate or rebuild before the capstone. | M81: Hanging file: Cycle 20 | N81: — | O81: 0 | P81: School copier | Q81: —

Sheet VIEW_Q1
A1: Quarter 1 — Cycles 1–5 (ecology arc opens; first wet lab in Cycle 05) — view only; edit MASTER, this sheet follows.
A2: Quarter (bundle) | B2: Unit | C2: Cycle | D2: Lesson / deck | E2: Activity | F2: Supply | G2: Qty per group | H2: Groups per class | I2: Number of classes | J2: Total needed | K2: Reusable / Consumable | L2: Preparation | M2: Storage | N2: Safety | O2: Approx cost (USD) | P2: Substitute | Q2: Store / purchasing link
A3: =MASTER!A2 | B3: =MASTER!B2 | C3: =MASTER!C2 | D3: =MASTER!D2 | E3: =MASTER!E2 | F3: =MASTER!F2 | G3: =MASTER!G2 | H3: =MASTER!H2 | ... Q3: =MASTER!Q2
A4: =MASTER!A3 | B4: =MASTER!B3 | C4: =MASTER!C3 | D4: =MASTER!D3 | E4: =MASTER!E3 | F4: =MASTER!F3 | G4: =MASTER!G3 | H4: =MASTER!H3 | ... Q4: =MASTER!Q3
A5: =MASTER!A4 | B5: =MASTER!B4 | C5: =MASTER!C4 | D5: =MASTER!D4 | E5: =MASTER!E4 | F5: =MASTER!F4 | G5: =MASTER!G4 | H5: =MASTER!H4 | ... Q5: =MASTER!Q4
A6: =MASTER!A5 | B6: =MASTER!B5 | C6: =MASTER!C5 | D6: =MASTER!D5 | E6: =MASTER!E5 | F6: =MASTER!F5 | G6: =MASTER!G5 | H6: =MASTER!H5 | ... Q6: =MASTER!Q5
A7: =MASTER!A6 | B7: =MASTER!B6 | C7: =MASTER!C6 | D7: =MASTER!D6 | E7: =MASTER!E6 | F7: =MASTER!F6 | G7: =MASTER!G6 | H7: =MASTER!H6 | ... Q7: =MASTER!Q6
A8: =MASTER!A7 | B8: =MASTER!B7 | C8: =MASTER!C7 | D8: =MASTER!D7 | E8: =MASTER!E7 | F8: =MASTER!F7 | G8: =MASTER!G7 | H8: =MASTER!H7 | ... Q8: =MASTER!Q7
A9: =MASTER!A8 | B9: =MASTER!B8 | C9: =MASTER!C8 | D9: =MASTER!D8 | E9: =MASTER!E8 | F9: =MASTER!F8 | G9: =MASTER!G8 | H9: =MASTER!H8 | ... Q9: =MASTER!Q8
A10: =MASTER!A9 | B10: =MASTER!B9 | C10: =MASTER!C9 | D10: =MASTER!D9 | E10: =MASTER!E9 | F10: =MASTER!F9 | G10: =MASTER!G9 | H10: =MASTER!H9 | ... Q10: =MASTER!Q9
A11: =MASTER!A10 | B11: =MASTER!B10 | C11: =MASTER!C10 | D11: =MASTER!D10 | E11: =MASTER!E10 | F11: =MASTER!F10 | G11: =MASTER!G10 | H11: =MASTER!H10 | ... Q11: =MASTER!Q10
A12: =MASTER!A11 | B12: =MASTER!B11 | C12: =MASTER!C11 | D12: =MASTER!D11 | E12: =MASTER!E11 | F12: =MASTER!F11 | G12: =MASTER!G11 | H12: =MASTER!H11 | ... Q12: =MASTER!Q11
A13: =MASTER!A12 | B13: =MASTER!B12 | C13: =MASTER!C12 | D13: =MASTER!D12 | E13: =MASTER!E12 | F13: =MASTER!F12 | G13: =MASTER!G12 | H13: =MASTER!H12 | ... Q13: =MASTER!Q12
A14: =MASTER!A13 | B14: =MASTER!B13 | C14: =MASTER!C13 | D14: =MASTER!D13 | E14: =MASTER!E13 | F14: =MASTER!F13 | G14: =MASTER!G13 | H14: =MASTER!H13 | ... Q14: =MASTER!Q13
... A27: =MASTER!A26 | B27: =MASTER!B26 | C27: =MASTER!C26 | D27: =MASTER!D26 | E27: =MASTER!E26 | F27: =MASTER!F26 | G27: =MASTER!G26 | H27: =MASTER!H26 | ... Q27: =MASTER!Q26

Sheet VIEW_Q2
A1: Quarter 2 — Cycles 6–10 (the wet-lab stretch: respiration, membranes, enzymes) — view only; edit MASTER, this sheet follows.
A2: Quarter (bundle) | B2: Unit | C2: Cycle | D2: Lesson / deck | E2: Activity | F2: Supply | G2: Qty per group | H2: Groups per class | I2: Number of classes | J2: Total needed | K2: Reusable / Consumable | L2: Preparation | M2: Storage | N2: Safety | O2: Approx cost (USD) | P2: Substitute | Q2: Store / purchasing link
A3: =MASTER!A27 | B3: =MASTER!B27 | C3: =MASTER!C27 | D3: =MASTER!D27 | E3: =MASTER!E27 | F3: =MASTER!F27 | G3: =MASTER!G27 | H3: =MASTER!H27 | ... Q3: =MASTER!Q27
A4: =MASTER!A28 | B4: =MASTER!B28 | C4: =MASTER!C28 | D4: =MASTER!D28 | E4: =MASTER!E28 | F4: =MASTER!F28 | G4: =MASTER!G28 | H4: =MASTER!H28 | ... Q4: =MASTER!Q28
A5: =MASTER!A29 | B5: =MASTER!B29 | C5: =MASTER!C29 | D5: =MASTER!D29 | E5: =MASTER!E29 | F5: =MASTER!F29 | G5: =MASTER!G29 | H5: =MASTER!H29 | ... Q5: =MASTER!Q29
A6: =MASTER!A30 | B6: =MASTER!B30 | C6: =MASTER!C30 | D6: =MASTER!D30 | E6: =MASTER!E30 | F6: =MASTER!F30 | G6: =MASTER!G30 | H6: =MASTER!H30 | ... Q6: =MASTER!Q30
A7: =MASTER!A31 | B7: =MASTER!B31 | C7: =MASTER!C31 | D7: =MASTER!D31 | E7: =MASTER!E31 | F7: =MASTER!F31 | G7: =MASTER!G31 | H7: =MASTER!H31 | ... Q7: =MASTER!Q31
A8: =MASTER!A32 | B8: =MASTER!B32 | C8: =MASTER!C32 | D8: =MASTER!D32 | E8: =MASTER!E32 | F8: =MASTER!F32 | G8: =MASTER!G32 | H8: =MASTER!H32 | ... Q8: =MASTER!Q32
A9: =MASTER!A33 | B9: =MASTER!B33 | C9: =MASTER!C33 | D9: =MASTER!D33 | E9: =MASTER!E33 | F9: =MASTER!F33 | G9: =MASTER!G33 | H9: =MASTER!H33 | ... Q9: =MASTER!Q33
A10: =MASTER!A34 | B10: =MASTER!B34 | C10: =MASTER!C34 | D10: =MASTER!D34 | E10: =MASTER!E34 | F10: =MASTER!F34 | G10: =MASTER!G34 | H10: =MASTER!H34 | ... Q10: =MASTER!Q34
A11: =MASTER!A35 | B11: =MASTER!B35 | C11: =MASTER!C35 | D11: =MASTER!D35 | E11: =MASTER!E35 | F11: =MASTER!F35 | G11: =MASTER!G35 | H11: =MASTER!H35 | ... Q11: =MASTER!Q35
A12: =MASTER!A36 | B12: =MASTER!B36 | C12: =MASTER!C36 | D12: =MASTER!D36 | E12: =MASTER!E36 | F12: =MASTER!F36 | G12: =MASTER!G36 | H12: =MASTER!H36 | ... Q12: =MASTER!Q36
A13: =MASTER!A37 | B13: =MASTER!B37 | C13: =MASTER!C37 | D13: =MASTER!D37 | E13: =MASTER!E37 | F13: =MASTER!F37 | G13: =MASTER!G37 | H13: =MASTER!H37 | ... Q13: =MASTER!Q37
A14: =MASTER!A38 | B14: =MASTER!B38 | C14: =MASTER!C38 | D14: =MASTER!D38 | E14: =MASTER!E38 | F14: =MASTER!F38 | G14: =MASTER!G38 | H14: =MASTER!H38 | ... Q14: =MASTER!Q38
... A32: =MASTER!A56 | B32: =MASTER!B56 | C32: =MASTER!C56 | D32: =MASTER!D56 | E32: =MASTER!E56 | F32: =MASTER!F56 | G32: =MASTER!G56 | H32: =MASTER!H56 | ... Q32: =MASTER!Q56

Sheet VIEW_Q3
A1: Quarter 3 — Cycles 11–15 (genetics; mostly print-and-laminate) — view only; edit MASTER, this sheet follows.
A2: Quarter (bundle) | B2: Unit | C2: Cycle | D2: Lesson / deck | E2: Activity | F2: Supply | G2: Qty per group | H2: Groups per class | I2: Number of classes | J2: Total needed | K2: Reusable / Consumable | L2: Preparation | M2: Storage | N2: Safety | O2: Approx cost (USD) | P2: Substitute | Q2: Store / purchasing link
A3: =MASTER!A57 | B3: =MASTER!B57 | C3: =MASTER!C57 | D3: =MASTER!D57 | E3: =MASTER!E57 | F3: =MASTER!F57 | G3: =MASTER!G57 | H3: =MASTER!H57 | ... Q3: =MASTER!Q57
A4: =MASTER!A58 | B4: =MASTER!B58 | C4: =MASTER!C58 | D4: =MASTER!D58 | E4: =MASTER!E58 | F4: =MASTER!F58 | G4: =MASTER!G58 | H4: =MASTER!H58 | ... Q4: =MASTER!Q58
A5: =MASTER!A59 | B5: =MASTER!B59 | C5: =MASTER!C59 | D5: =MASTER!D59 | E5: =MASTER!E59 | F5: =MASTER!F59 | G5: =MASTER!G59 | H5: =MASTER!H59 | ... Q5: =MASTER!Q59
A6: =MASTER!A60 | B6: =MASTER!B60 | C6: =MASTER!C60 | D6: =MASTER!D60 | E6: =MASTER!E60 | F6: =MASTER!F60 | G6: =MASTER!G60 | H6: =MASTER!H60 | ... Q6: =MASTER!Q60
A7: =MASTER!A61 | B7: =MASTER!B61 | C7: =MASTER!C61 | D7: =MASTER!D61 | E7: =MASTER!E61 | F7: =MASTER!F61 | G7: =MASTER!G61 | H7: =MASTER!H61 | ... Q7: =MASTER!Q61
A8: =MASTER!A62 | B8: =MASTER!B62 | C8: =MASTER!C62 | D8: =MASTER!D62 | E8: =MASTER!E62 | F8: =MASTER!F62 | G8: =MASTER!G62 | H8: =MASTER!H62 | ... Q8: =MASTER!Q62
A9: =MASTER!A63 | B9: =MASTER!B63 | C9: =MASTER!C63 | D9: =MASTER!D63 | E9: =MASTER!E63 | F9: =MASTER!F63 | G9: =MASTER!G63 | H9: =MASTER!H63 | ... Q9: =MASTER!Q63
A10: =MASTER!A64 | B10: =MASTER!B64 | C10: =MASTER!C64 | D10: =MASTER!D64 | E10: =MASTER!E64 | F10: =MASTER!F64 | G10: =MASTER!G64 | H10: =MASTER!H64 | ... Q10: =MASTER!Q64
A11: =MASTER!A65 | B11: =MASTER!B65 | C11: =MASTER!C65 | D11: =MASTER!D65 | E11: =MASTER!E65 | F11: =MASTER!F65 | G11: =MASTER!G65 | H11: =MASTER!H65 | ... Q11: =MASTER!Q65
A12: =MASTER!A66 | B12: =MASTER!B66 | C12: =MASTER!C66 | D12: =MASTER!D66 | E12: =MASTER!E66 | F12: =MASTER!F66 | G12: =MASTER!G66 | H12: =MASTER!H66 | ... Q12: =MASTER!Q66
A13: =MASTER!A67 | B13: =MASTER!B67 | C13: =MASTER!C67 | D13: =MASTER!D67 | E13: =MASTER!E67 | F13: =MASTER!F67 | G13: =MASTER!G67 | H13: =MASTER!H67 | ... Q13: =MASTER!Q67

Sheet VIEW_Q4
A1: Quarter 4 — Cycles 16–20 (mutations and evolution, then the paper-only capstone) — view only; edit MASTER, this sheet follows.
A2: Quarter (bundle) | B2: Unit | C2: Cycle | D2: Lesson / deck | E2: Activity | F2: Supply | G2: Qty per group | H2: Groups per class | I2: Number of classes | J2: Total needed | K2: Reusable / Consumable | L2: Preparation | M2: Storage | N2: Safety | O2: Approx cost (USD) | P2: Substitute | Q2: Store / purchasing link
A3: =MASTER!A68 | B3: =MASTER!B68 | C3: =MASTER!C68 | D3: =MASTER!D68 | E3: =MASTER!E68 | F3: =MASTER!F68 | G3: =MASTER!G68 | H3: =MASTER!H68 | ... Q3: =MASTER!Q68
A4: =MASTER!A69 | B4: =MASTER!B69 | C4: =MASTER!C69 | D4: =MASTER!D69 | E4: =MASTER!E69 | F4: =MASTER!F69 | G4: =MASTER!G69 | H4: =MASTER!H69 | ... Q4: =MASTER!Q69
A5: =MASTER!A70 | B5: =MASTER!B70 | C5: =MASTER!C70 | D5: =MASTER!D70 | E5: =MASTER!E70 | F5: =MASTER!F70 | G5: =MASTER!G70 | H5: =MASTER!H70 | ... Q5: =MASTER!Q70
A6: =MASTER!A71 | B6: =MASTER!B71 | C6: =MASTER!C71 | D6: =MASTER!D71 | E6: =MASTER!E71 | F6: =MASTER!F71 | G6: =MASTER!G71 | H6: =MASTER!H71 | ... Q6: =MASTER!Q71
A7: =MASTER!A72 | B7: =MASTER!B72 | C7: =MASTER!C72 | D7: =MASTER!D72 | E7: =MASTER!E72 | F7: =MASTER!F72 | G7: =MASTER!G72 | H7: =MASTER!H72 | ... Q7: =MASTER!Q72
A8: =MASTER!A73 | B8: =MASTER!B73 | C8: =MASTER!C73 | D8: =MASTER!D73 | E8: =MASTER!E73 | F8: =MASTER!F73 | G8: =MASTER!G73 | H8: =MASTER!H73 | ... Q8: =MASTER!Q73
A9: =MASTER!A74 | B9: =MASTER!B74 | C9: =MASTER!C74 | D9: =MASTER!D74 | E9: =MASTER!E74 | F9: =MASTER!F74 | G9: =MASTER!G74 | H9: =MASTER!H74 | ... Q9: =MASTER!Q74
A10: =MASTER!A75 | B10: =MASTER!B75 | C10: =MASTER!C75 | D10: =MASTER!D75 | E10: =MASTER!E75 | F10: =MASTER!F75 | G10: =MASTER!G75 | H10: =MASTER!H75 | ... Q10: =MASTER!Q75
A11: =MASTER!A76 | B11: =MASTER!B76 | C11: =MASTER!C76 | D11: =MASTER!D76 | E11: =MASTER!E76 | F11: =MASTER!F76 | G11: =MASTER!G76 | H11: =MASTER!H76 | ... Q11: =MASTER!Q76
A12: =MASTER!A77 | B12: =MASTER!B77 | C12: =MASTER!C77 | D12: =MASTER!D77 | E12: =MASTER!E77 | F12: =MASTER!F77 | G12: =MASTER!G77 | H12: =MASTER!H77 | ... Q12: =MASTER!Q77
A13: =MASTER!A78 | B13: =MASTER!B78 | C13: =MASTER!C78 | D13: =MASTER!D78 | E13: =MASTER!E78 | F13: =MASTER!F78 | G13: =MASTER!G78 | H13: =MASTER!H78 | ... Q13: =MASTER!Q78
A14: =MASTER!A79 | B14: =MASTER!B79 | C14: =MASTER!C79 | D14: =MASTER!D79 | E14: =MASTER!E79 | F14: =MASTER!F79 | G14: =MASTER!G79 | H14: =MASTER!H79 | ... Q14: =MASTER!Q79
... A16: =MASTER!A81 | B16: =MASTER!B81 | C16: =MASTER!C81 | D16: =MASTER!D81 | E16: =MASTER!E81 | F16: =MASTER!F81 | G16: =MASTER!G81 | H16: =MASTER!H81 | ... Q16: =MASTER!Q81

Sheet VIEW_FULL_YEAR
A1: Full Year — every row of MASTER, live — view only; edit MASTER, this sheet follows.
A2: Quarter (bundle) | B2: Unit | C2: Cycle | D2: Lesson / deck | E2: Activity | F2: Supply | G2: Qty per group | H2: Groups per class | I2: Number of classes | J2: Total needed | K2: Reusable / Consumable | L2: Preparation | M2: Storage | N2: Safety | O2: Approx cost (USD) | P2: Substitute | Q2: Store / purchasing link
A3: =MASTER!A2 | B3: =MASTER!B2 | C3: =MASTER!C2 | D3: =MASTER!D2 | E3: =MASTER!E2 | F3: =MASTER!F2 | G3: =MASTER!G2 | H3: =MASTER!H2 | ... Q3: =MASTER!Q2
A4: =MASTER!A3 | B4: =MASTER!B3 | C4: =MASTER!C3 | D4: =MASTER!D3 | E4: =MASTER!E3 | F4: =MASTER!F3 | G4: =MASTER!G3 | H4: =MASTER!H3 | ... Q4: =MASTER!Q3
A5: =MASTER!A4 | B5: =MASTER!B4 | C5: =MASTER!C4 | D5: =MASTER!D4 | E5: =MASTER!E4 | F5: =MASTER!F4 | G5: =MASTER!G4 | H5: =MASTER!H4 | ... Q5: =MASTER!Q4
A6: =MASTER!A5 | B6: =MASTER!B5 | C6: =MASTER!C5 | D6: =MASTER!D5 | E6: =MASTER!E5 | F6: =MASTER!F5 | G6: =MASTER!G5 | H6: =MASTER!H5 | ... Q6: =MASTER!Q5
A7: =MASTER!A6 | B7: =MASTER!B6 | C7: =MASTER!C6 | D7: =MASTER!D6 | E7: =MASTER!E6 | F7: =MASTER!F6 | G7: =MASTER!G6 | H7: =MASTER!H6 | ... Q7: =MASTER!Q6
A8: =MASTER!A7 | B8: =MASTER!B7 | C8: =MASTER!C7 | D8: =MASTER!D7 | E8: =MASTER!E7 | F8: =MASTER!F7 | G8: =MASTER!G7 | H8: =MASTER!H7 | ... Q8: =MASTER!Q7
A9: =MASTER!A8 | B9: =MASTER!B8 | C9: =MASTER!C8 | D9: =MASTER!D8 | E9: =MASTER!E8 | F9: =MASTER!F8 | G9: =MASTER!G8 | H9: =MASTER!H8 | ... Q9: =MASTER!Q8
A10: =MASTER!A9 | B10: =MASTER!B9 | C10: =MASTER!C9 | D10: =MASTER!D9 | E10: =MASTER!E9 | F10: =MASTER!F9 | G10: =MASTER!G9 | H10: =MASTER!H9 | ... Q10: =MASTER!Q9
A11: =MASTER!A10 | B11: =MASTER!B10 | C11: =MASTER!C10 | D11: =MASTER!D10 | E11: =MASTER!E10 | F11: =MASTER!F10 | G11: =MASTER!G10 | H11: =MASTER!H10 | ... Q11: =MASTER!Q10
A12: =MASTER!A11 | B12: =MASTER!B11 | C12: =MASTER!C11 | D12: =MASTER!D11 | E12: =MASTER!E11 | F12: =MASTER!F11 | G12: =MASTER!G11 | H12: =MASTER!H11 | ... Q12: =MASTER!Q11
A13: =MASTER!A12 | B13: =MASTER!B12 | C13: =MASTER!C12 | D13: =MASTER!D12 | E13: =MASTER!E12 | F13: =MASTER!F12 | G13: =MASTER!G12 | H13: =MASTER!H12 | ... Q13: =MASTER!Q12
A14: =MASTER!A13 | B14: =MASTER!B13 | C14: =MASTER!C13 | D14: =MASTER!D13 | E14: =MASTER!E13 | F14: =MASTER!F13 | G14: =MASTER!G13 | H14: =MASTER!H13 | ... Q14: =MASTER!Q13
... A82: =MASTER!A81 | B82: =MASTER!B81 | C82: =MASTER!C81 | D82: =MASTER!D81 | E82: =MASTER!E81 | F82: =MASTER!F81 | G82: =MASTER!G81 | H82: =MASTER!H81 | ... Q82: =MASTER!Q81

Sheet COSTS
A1: COSTS — computed from MASTER by formula; edit MASTER, never this sheet
A3: Initial reusable setup (one-time purchase) | B3: =SUMIF(MASTER!$K$2:$K$81,"Reusable",MASTER!$O$2:$O$81) | C3: Everything marked Reusable: card sets, goggles, lamps, model kits, pop beads, beans. Bought once, used every class, every year.
A4: Recurring consumables (per year) | B4: =SUMIF(MASTER!$K$2:$K$81,"Consumable",MASTER!$O$2:$O$81) | C4: Everything marked Consumable: groceries, peroxide, balloons, yeast, PTC strips, pipe cleaners. Rebought each year; printing is $0 on the school copier.
A5: Annual total — first year (setup + consumables) | B5: =B3+B4
A6: Annual total — later years (consumables only) | B6: =B4
A8: Consumables by quarter (what each quarter's shopping run costs)
A9: Q1 consumables | B9: =SUMIFS(MASTER!$O$2:$O$81,MASTER!$K$2:$K$81,"Consumable",MASTER!$A$2:$A$81,"Q1") | C9: Cycles 1–5
A10: Q2 consumables | B10: =SUMIFS(MASTER!$O$2:$O$81,MASTER!$K$2:$K$81,"Consumable",MASTER!$A$2:$A$81,"Q2") | C10: Cycles 6–10
A11: Q3 consumables | B11: =SUMIFS(MASTER!$O$2:$O$81,MASTER!$K$2:$K$81,"Consumable",MASTER!$A$2:$A$81,"Q3") | C11: Cycles 11–15
A12: Q4 consumables | B12: =SUMIFS(MASTER!$O$2:$O$81,MASTER!$K$2:$K$81,"Consumable",MASTER!$A$2:$A$81,"Q4") | C12: Cycles 16–20
A14: Reusable setup by quarter (buy before the quarter starts)
A15: Q1 reusable setup | B15: =SUMIFS(MASTER!$O$2:$O$81,MASTER!$K$2:$K$81,"Reusable",MASTER!$A$2:$A$81,"Q1") | C15: Includes the year's big buys: lamps, goggles, model kits.
A16: Q2 reusable setup | B16: =SUMIFS(MASTER!$O$2:$O$81,MASTER!$K$2:$K$81,"Reusable",MASTER!$A$2:$A$81,"Q2")
A17: Q3 reusable setup | B17: =SUMIFS(MASTER!$O$2:$O$81,MASTER!$K$2:$K$81,"Reusable",MASTER!$A$2:$A$81,"Q3") | C17: Pop bead kits are the big line — see the paper-clip substitute on MASTER.
A18: Q4 reusable setup | B18: =SUMIFS(MASTER!$O$2:$O$81,MASTER!$K$2:$K$81,"Reusable",MASTER!$A$2:$A$81,"Q4")
A20: Costs are rough estimates for the Total quantities — REVIEW WITH KATHERINE. Substitutes on MASTER cut the two big lines (lamps, model kits, pop beads) to near zero.
