Workbook
Name B3A12: Dashboard!$B$3
Name R3A1: 'Year Grid'!$R$3
Name C7Z1: Dashboard!$C$7
Name D7P1B3: Dashboard!$D$7

Sheet Dashboard
A1: 📅 TEACHER DASHBOARD — Master Agenda
A3: Today | B3: =TEXT(TODAY(),"dddd, MMMM DD, YYYY") -> Friday, August 07, 2026 | J3: =MIN(MAX(5,5+FLOOR((TODAY()-DATE(2026,8,31))/7,1)),40) -> 5
A5: 🔵 THIS WEEK — Daily Plan at a Glance
B6: 📄 Agenda | C6: Mon | D6: Tue | E6: Wed | F6: Thu | G6: Fri | H6: 🎞 VT
A7: 🌿 Biology | B7: {=IFERROR(HYPERLINK(IFERROR(LOOKUP(TODAY(),'Bio as List'!$I$4:$I$39,'Bio as List'!$J$4:$J$39),INDEX('Bio as List'!$J$4:$J$39,1)),"📄 Agenda ↗"),"📄 —")} -> 📄 Agenda ↗ | C7: {=INDEX('Year Grid'!F:F,$J$3)} -> 8/31 Syllabus · pretest · sign safety sheet · learn to submit Notes (short) | E7: {=INDEX('Year Grid'!G:G,$J$3)} -> 9/2 Lab Safety lecture · Lab Equipment activity · safety cartoon · learn to submit Drafts (long) Notes.Introduction to Biology due 9/2 | G7: {=INDEX('Year Grid'!H:H,$J$3)} -> 9/4 OFF — Schools Closed 9/4 (intro week: Notes only) | H7: {=IFERROR(HYPERLINK(IFERROR(LOOKUP(TODAY(),'Bio as List'!$I$4:$I$39,'Bio as List'!$K$4:$K$39),INDEX('Bio as List'!$K$4:$K$39,1)),"🎞 VT ↗"),"🎞 —")} -> 🎞 VT ↗
A8: 🫀 Anatomy & Physiology | B8: {=IFERROR(HYPERLINK(IFERROR(LOOKUP(TODAY(),'A&P as List'!$H$4:$H$38,'A&P as List'!$I$4:$I$38),INDEX('A&P as List'!$I$4:$I$38,1)),"📄 Agenda ↗"),"📄 —")} -> 📄 Agenda ↗ | D8: {=INDEX('Year Grid'!J:J,$J$3)} -> 9/1 Tue: Who Knew? (icebreaker) · Syllabus & topics | F8: {=INDEX('Year Grid'!K:K,$J$3)} -> 9/3 Thu: Body Parts Chalk Outline · Academic Integrity + Bioethics Intro Case (discussion) · Hippocratic Oath (moved from Fri 9/4 — closed) | G8: {=INDEX('Year Grid'!L:L,$J$3)} -> 9/4 OFF — Schools Closed | H8: {=IFERROR(HYPERLINK(IFERROR(LOOKUP(TODAY(),'A&P as List'!$H$4:$H$38,'A&P as List'!$J$4:$J$38),INDEX('A&P as List'!$J$4:$J$38,1)),"🎞 VT ↗"),"🎞 —")} -> 🎞 VT ↗
A9: 🔬 Forensics | B9: {=IFERROR(HYPERLINK(IFERROR(LOOKUP(TODAY(),'Forensics as List'!$H$4:$H$38,'Forensics as List'!$I$4:$I$38),INDEX('Forensics as List'!$I$4:$I$38,1)),"📄 Agenda ↗"),"📄 —")} -> 📄 Agenda ↗ | C9: {=INDEX('Year Grid'!N:N,$J$3)} -> 8/31 First day — rules & procedures | E9: {=INDEX('Year Grid'!O:O,$J$3)} -> 9/2 Syllabus + intro to forensic science | G9: {=INDEX('Year Grid'!P:P,$J$3)} -> 9/4 Course overview / intro activity | H9: {=IFERROR(HYPERLINK(IFERROR(LOOKUP(TODAY(),'Forensics as List'!$H$4:$H$38,'Forensics as List'!$J$4:$J$38),INDEX('Forensics as List'!$J$4:$J$38,1)),"🎞 VT ↗"),"🎞 —")} -> 🎞 VT ↗
C10: {=INDEX('Year Task Grid'!C:C,$J$3)} -> WilmU attendance + grading | D10: {=INDEX('Year Task Grid'!D:D,$J$3)} -> Deep work (your choice) | E10: {=INDEX('Year Task Grid'!E:E,$J$3)} -> Deep work (your choice) | F10: {=INDEX('Year Task Grid'!F:F,$J$3)} -> Review Wk 02: Ecosystems & Change / Introduction to Anatomy / Forensics: Lab Safety, Equipment & the Microscope → see Review Links tab | G10: {=INDEX('Year Task Grid'!G:G,$J$3)} -> OFF — Schools Closed 9/4

Sheet Year Grid
A1: Master Agenda — Year Grid 2026–2027 | Biology • Anatomy & Physiology • Forensics | Dr. von Duyke
A2: SCHEDULE | E2: 🌿 BIOLOGY — tagged by concept cycle (link → cycle folder) | I2: 🫀 ANATOMY & PHYSIOLOGY | M2: 🔬 FORENSICS
A3: Wk | B3: MP | C3: Dates / Off-days | D3: Quick Notes | E3: Bio Topic ↗ + VT + Fiddle (A-Day only) | F3: ☀ Mon | G3: ☀ Wed | H3: ☀ Fri | I3: A&P Topic ↗ + VT + Fiddle | J3: Tue | K3: Thu | L3: ☀ Fri | M3: Forensics Topic ↗ + VT + Fiddle (both sections = A-Day) | N3: ☀ Mon | O3: ☀ Wed | P3: Fri (EOW)
A4: ──── MP 1 ────────────────────────────────────────────────────────────
A5: Wk 01 | B5: MP 1 | C5: Aug 31 – Sep 04, 2026 ⚠ Fri 09/04 Schools Closed | D5: ✔️add cartoon to schoology, just notes turned in this week | E5: =HYPERLINK("https://drive.google.com/drive/folders/1Dl_UEI3IaVyiebXUyEZmHNpWExA5H9uT","◆ Cycle 01 · Course Launch & Lab Safety Introduction to Biology (Syllabus · Lab Safety · Lab Equipment · Characteristics of Life · Microscope) VT Folder") -> ◆ Cycle 01 · Course Launch & Lab Safety Introduction to Biology (Syllabus · Lab Safety · Lab Equipment · Characteristics of Life · Microscope) VT Folder | F5: 8/31 Syllabus · pretest · sign safety sheet · learn to submit Notes (short) | G5: 9/2 Lab Safety lecture · Lab Equipment activity · safety cartoon · learn to submit Drafts (long) Notes.Introduction to Biology due 9/2 | H5: 9/4 OFF — Schools Closed 9/4 (intro week: Notes only) | I5: Course Overview & First Day Activities ↗ — Activities — • Fiddle (slides): "Body Basics" myth-buster poll (Kahoot) • Short: Who Knew? icebreaker · Body Parts Chalk Outline (group) • Long: Academic Integrity / Bioethics intro case + Hippocratic Oath discussion • Alts: Visible Body free tour clip / "what does a physiologist do?" think-pair-share / syllabus scavenger hunt | J5: 9/1 Tue: Who Knew? (icebreaker) · Syllabus & topics | K5: 9/3 Thu: Body Parts Chalk Outline · Academic Integrity + Bioethics Intro Case (discussion) · Hippocratic Oath (moved from Fri 9/4 — closed) | L5: 9/4 OFF — Schools Closed | M5: First Day of School & Classroom Rules and Procedures VT Folder | N5: 8/31 First day — rules & procedures | O5: 9/2 Syllabus + intro to forensic science | P5: 9/4 Course overview / intro activity
A6: Wk 02 | B6: MP 1 | C6: Sep 07 – Sep 11, 2026 ⚠ Mon 09/07 Labor Day | E6: =HYPERLINK("https://drive.google.com/drive/folders/1D3n02wUGdTlje3GsH52JYRRbNN_KRCYv","◆ Cycle 02 · Ecosystems & Feeding Ecosystems & Change (Introduction to Ecology VT) VT Folder") -> ◆ Cycle 02 · Ecosystems & Feeding Ecosystems & Change (Introduction to Ecology VT) VT Folder | F6: 9/7 OFF — Labor Day 9/7 | G6: 9/9 Intro to Ecology lesson + Habitats game · Feeding relationships food-web (NW) write-up (short→long) Notes.Ecosystems & Change due 9/9 | H6: 9/11 Finish labs/activities · catch-up (no Draft — Wk01 Intro to Biology was Notes only) | I6: Introduction to Anatomy ↗ — Activities — (CA: homeostasis via feedback) • Fiddle (slides): LabXchange body-systems explorer / pulse-after-jumping-jacks demo • Short: Kati Mori marathon case — predict the feedback response • Long: Feedback Loops modeling — negative vs positive (core CA) • Alts: HHMI homeostasis clip / Why Do We Need Air Pressure? reasoning / Body Regions–Cavities labels (open-book ref) | J6: 9/8 Tue: Lesson: Introduction to Anatomy · Case: Kati Mori (marathon) | K6: 9/10 Thu: Feedback Loops (homeostasis — core) | L6: 9/11 Fri: Why Do We Need Air Pressure? · Open-book ref (don't memorize): Body Regions / Body Cavities labels, Body Systems organizer | M6: Lab Safety, Lab Equipment & The Microscope Folder | N6: 9/7 ⚠ Labor Day — no school | O6: 9/9 Lab safety + equipment ID | P6: 9/11 The microscope — intro & use
A7: Wk 03 | B7: MP 1 | C7: Sep 14 – Sep 18, 2026 ⚠ Tue 09/15 Teacher In-Service | E7: ◆ Cycle 02 · Ecosystems & Feeding Intro to Energy (VT Inserts — autotrophs/heterotrophs + energy loss) VT Folder | F7: 9/14 Intro to Energy lesson · Autotroph vs heterotroph card sort (short) 📝 DRAFT.Ecosystems & Change due 9/14 | G7: 9/16 Energy-loss pyramid / 10% rule stations + write-up (long) Notes.Intro to Energy due 9/16 | H7: 9/18 Finish labs/activities | I7: Introduction to Anatomy (cont.) ↗ — Activities — • Fiddle (slides): directional-terms quick drill (Kenhub free) • Short: A Promising Therapy for Diabetes — case read • Long: Gummy Bear Dissection (osmosis → homeostasis link) • Alts: anatomical-position charades / planes & sections image sort / Review Guide (open-book) before Unit Exam | J7: 9/15 OFF — In-Service | K7: 9/17 Thu: Case: A Promising Therapy for Diabetes + Lab: Gummy Bear Dissection (moved from Tue 9/15 — in-service) | L7: 9/18 Fri: Review Guide (open-book) · 📝 UNIT EXAM — Introduction to Anatomy | M7: Observation Skills & Deductive Reasoning VT Folder | N7: 9/14 Intro to Forensics + Eyewitness — lesson + short: eyewitness account analysis | O7: 9/16 CSI overview activity · 📝 Notes due | P7: 9/18 Catch-up / flex (EOW)
A8: Wk 04 | B8: MP 1 | C8: Sep 21 – Sep 25, 2026 ⚠ Mon 09/21 Schools Closed | E8: =HYPERLINK("https://drive.google.com/drive/folders/1CZGfr19RTWJlHZBvydbMpc3twyDwxAq3","◆ Cycle 03 · Energy Flow Energy Flow (Energy Flow Lesson VT) VT Folder") -> ◆ Cycle 03 · Energy Flow Energy Flow (Energy Flow Lesson VT) VT Folder | F8: 9/21 OFF — Schools Closed 9/21 | G8: 9/23 Energy Flow lesson + arrow draw · Energy Flow Stations + write-up, label vocab (short→long) Notes.Energy Flow due 9/23 📝 DRAFT.Intro to Energy due 9/23 (Mon off) | H8: 9/25 Finish labs/activities | I8: Cell Structure and Function ↗ — Activities — • Fiddle (slides): BioMan Cell Explorer / Learn.Genetics Cell Size & Scale • Short: Mackenzie (PCD) case — cilia structure→function • Long: Viewing Human Cells (microscope lab) • Alts: build-a-cell organelle sort / CER on Mitochondria & Aging / Cell Graphic Organizer (open-book ref) | J8: 9/22 Tue: Lesson: Cell Structure & Function · Case: Mackenzie (PCD) | K8: 9/24 Thu: Lab: Viewing Human Cells | L8: 9/25 Fri: Mitochondria and Aging (CER) · Open-book ref: Cell Graphic Organizer | M8: Eye Witness Testimony & The Innocence Project VT Folder | N8: 9/21 OFF — Schools Closed | O8: 9/23 Investigative Processes (Steps of CSI) + Types of Evidence — lesson (moved from Mon 9/21 — closed) + Evidence-type stations · 📝 Notes due 📝 DRAFT.Intro to Forensics + Eyewitness Accounts due 9/23 (Mon off) | P8: 9/25 Catch-up / flex (EOW)
A9: Wk 05 | B9: MP 1 | C9: Sep 28 – Oct 02, 2026 | E9: =HYPERLINK("https://drive.google.com/drive/folders/1_7LjuC8A4GmfR9bNk_4h8Fcvgc1uONsR","◆ Cycle 04 · Carbon Cycle Biogeochemical Cycles (Biogeochemical Cycles Lesson) VT Folder") -> ◆ Cycle 04 · Carbon Cycle Biogeochemical Cycles (Biogeochemical Cycles Lesson) VT Folder | F9: 9/28 Biogeochemical Cycles lesson · HHMI 'The Tree' carbon intro – Part 1 (short) 📝 DRAFT.Energy Flow due 9/28 | G9: 9/30 Journey through the Carbon Cycle sim – Part 2 + write-up (long) Notes.Biogeochemical Cycles due 9/30 | H9: 10/2 Finish labs/activities | I9: Cell Structure and Function (cont.) ↗ — Activities — • Fiddle (slides): PhET / BioMan osmosis sim • Short: Medical Errors (IV Fluids) — tonicity application • Long: Mitosis, Cancer & Vaccines case stations • Alts: HHMI Cell Cycle & Cancer clip / osmosis egg demo / Cell Cycle–Disorders organizer (open-book) before Unit Exam | J9: 9/29 Tue: Medical Errors (IV Fluids) — osmosis application | K9: 10/1 Thu: Case: Mitosis, Cancer & Vaccines 🦄 | L9: 10/2 Fri: Open-book review · 📝 UNIT EXAM — Cells · ref: Cell Cycle / Cell Disorders organizers | M9: Investigative Processes & Types of Evidence VT Folder | N9: 9/28 Observation & deductive-reasoning practice (not VT) 📝 DRAFT.Investigative Processes (Steps of CSI) + Types of Evidence due 9/28 | O9: 9/30 Observation lab / reasoning puzzles | P9: 10/2 Catch-up / flex (EOW)
A10: Wk 06 | B10: MP 1 | C10: Oct 05 – Oct 09, 2026 | E10: =HYPERLINK("https://drive.google.com/drive/folders/11BNokJq2E4wFOfR2-uTrHxNZ8iO6C3pb","◆ Cycle 05 · Photosynthesis Photosynthesis (Photosynthesis Lesson VT) VT Folder") -> ◆ Cycle 05 · Photosynthesis Photosynthesis (Photosynthesis Lesson VT) VT Folder | F10: 10/5 Photosynthesis lesson · molecular build of the equation – Photosyn 1 (short) 📝 DRAFT.Biogeochemical Cycles due 10/5 | G10: 10/7 Leaf disc lab – Photosyn 2 + write-up (long) Notes.Photosynthesis due 10/7 | H10: 10/9 Finish labs/activities | I10: Body Tissues ↗ — Activities — • Fiddle (slides): tissue-ID slideshow drill (Biology Corner) • Short: Ella (epidermolysis bullosa) — skin structure→function • Long: Viewing Skin Cells (microscope lab) • Alts: 4-tissue-types card sort / What Causes Goosebumps? reasoning / Epidermis Labeling + Tissues Chart (open-book ref) | J10: 10/6 Tue: Lesson: Body Tissues · Case: Ella (epidermolysis bullosa) | K10: 10/8 Thu: Lab: Viewing Skin Cells | L10: 10/9 Fri: What Causes Goosebumps? · Open-book ref (don't memorize): Epidermis Labeling, Tissues Chart | M10: Searching the Scene & Photographing the Crime Scene VT Folder | N10: 10/5 Searching the Scene + Crime Scene Photography — lesson + short | O10: 10/7 Search-patterns activity · 📝 Notes due | P10: 10/9 Catch-up / flex (EOW)
A11: Wk 07 | B11: MP 1 | C11: Oct 12 – Oct 16, 2026 ⚠ Fri 10/16 In-Service — Schools Closed | E11: =HYPERLINK("https://drive.google.com/drive/folders/1BnHejNBE_rJiRkDlK-VrlYY78sTLEhBe","◆ Cycle 06 · Respiration & Fermentation Cellular Respiration (Cellular Respiration VT) VT Folder") -> ◆ Cycle 06 · Respiration & Fermentation Cellular Respiration (Cellular Respiration VT) VT Folder | F11: 10/12 Cellular Respiration lesson · respiration fiddle game + worksheet (short) 📝 DRAFT.Photosynthesis due 10/12 | G11: 10/14 Photosynthesis vs respiration comparison + write-up (long) Notes.Cellular Respiration due 10/14 | H11: 10/16 OFF — In-Service (Schools Closed) | I11: Body Tissues (cont.) ↗ — Activities — • Fiddle (slides): HHMI Biology of Skin Color interactive • Short: Gene Therapy for Butterfly Children (bioethics) • Long: melanin / skin-color data interpretation (HHMI) • Alts: connective-tissue coloring / tissue-reinforcement worksheet / histology microscope rotation before Unit Exam | J11: 10/13 Tue: Gene Therapy for Butterfly Children (bioethics case) + Biology of Skin Color (HHMI interactive) (moved from Thu 10/15) | K11: 10/15 Thu: 📝 UNIT EXAM — Body Tissues (moved from Fri 10/16 — in-service) · Open-book review · ref: Connective Tissue Coloring, Tissue Reinforcement | L11: 10/16 OFF — In-Service (Schools Closed) | M11: Sketching the Scene & Evidence Collection VT Folder | N11: 10/12 Sketching the Scene + Evidence Collection — lesson + short 📝 DRAFT.Searching the Scene + Crime Scene Photography due 10/12 | O11: 10/14 Rough-to-scale sketch (long) · 📝 Notes due | P11: 10/16 OFF — In-Service (Schools Closed)
A12: Wk 08 | B12: MP 1 | C12: Oct 19 – Oct 23, 2026 | E12: =HYPERLINK("https://drive.google.com/drive/folders/1BnHejNBE_rJiRkDlK-VrlYY78sTLEhBe","◆ Cycle 06 · Respiration & Fermentation Fermentation (Fermentation Lesson VT) VT Folder") -> ◆ Cycle 06 · Respiration & Fermentation Fermentation (Fermentation Lesson VT) VT Folder | F12: 10/19 Fermentation lesson · yeast-balloon quick demo (short) 📝 DRAFT.Cellular Respiration due 10/19 | G12: 10/21 Yeast fermentation lab — measure CO₂ + write-up (long) Notes.Fermentation due 10/21 | H12: 10/23 Finish labs/activities | I12: Skeletal System ↗ — Activities — (VT deck CAs: #1 bone is living → #2 axial vs appendicular → #3 structure fits function) • Fiddle (slides): eSkeletons.org bone rotator (UT Austin) • Short: "Is bone alive?" osteoblast/osteoclast/osteocyte sort (#1) • Long: Bone Fractures with Carrots — structure fits function (#3) • Alts: axial vs appendicular card sort (#2) / FOP (Jasmin) build-vs-break case / Long Bone + Bone Matrix coloring (open-book ref) | J12: 10/20 Tue: #1 bone is living · #2 axial vs appendicular — Lesson: Skeletal System (VT) · Case: FOP (Jasmin) | K12: 10/22 Thu: #3 structure fits function — Lab: Bone Fractures with Carrots · ref: Long Bone / Bone Matrix coloring | L12: 10/23 Fri: build vs break balance (master idea) — Bone Dysplasias 🦄 + FOP mechanism | M12: History of Forensics VT Folder | N12: 10/19 History of Forensics + Crime Scene to Courtroom + Innocence Project — lesson 📝 DRAFT.Sketching the Scene + Evidence Collection (chain of custody) due 10/19 | O12: 10/21 Mock trial (Sheppard reveal) + timeline · 📝 Notes due | P12: 10/23 Catch-up / flex (EOW)
A13: Wk 09 | B13: MP 1 | C13: Oct 26 – Oct 30, 2026 | E13: =HYPERLINK("https://drive.google.com/drive/folders/18rj5qQxduYLHo1zZ5VLm_JrCjS4Oj2UO","◆ Cycle 07 · Ecosystem Dynamics Ecological Succession (Ecological Succession VT) VT Folder") -> ◆ Cycle 07 · Ecosystem Dynamics Ecological Succession (Ecological Succession VT) VT Folder | F13: 10/26 Ecological Succession lesson · primary vs secondary card sequence (short) 📝 DRAFT.Fermentation due 10/26 | G13: 10/28 Succession case-study model build + write-up (long) Notes.Ecological Succession due 10/28 | H13: 10/30 Finish labs/activities | I13: Skeletal System (cont.) ↗ — Activities — (CA#4 joints → range of motion → #5 fracture → force → #6 bones reveal identity) • Fiddle (slides): GetBodySmart skeleton/joints interactive • Short: classify-your-own-joints (CA#4) · Skeleton/Skull labeling (open-book ref) • Long: Identifying X-rays — fracture pattern → force (CA#5) • Alts: Mystery of the Bones (CA#6) / Estimate Height from long bones → preps Wk10 practical / Bones of the Hand labeling | J13: 10/27 Tue: #4 joints → range of motion — classify-your-own-joints · Open-book ref: Skeleton & Skull labeling, Bones of Hand | K13: 10/29 Thu: #5 fracture pattern → force — Identifying X-rays | L13: 10/30 Fri: #6 bones reveal identity — Mystery of the Bones 🦄 + Estimate Height (lab) → Wk 10 Lab Practical | M13: Unit Review & Assessment Folder | N13: 10/26 Unit 1 — Review 📝 DRAFT.History of Forensics + Crime Scene to Courtroom + Innocence Project due 10/26 | O13: 10/28 📝 Unit 1 Assessment | P13: 10/30 Catch-up / flex (EOW)
A14: ──── MP 2 ────────────────────────────────────────────────────────────
A15: Wk 10 | B15: MP 2 | C15: Nov 02 – Nov 06, 2026 ⚠ Tue 11/3 Election Day — Schools Closed | E15: =HYPERLINK("https://drive.google.com/drive/folders/18rj5qQxduYLHo1zZ5VLm_JrCjS4Oj2UO","◆ Cycle 07 · Ecosystem Dynamics Population Ecology (Population Ecology VT · HHMI Population Dynamics) VT Folder") -> ◆ Cycle 07 · Ecosystem Dynamics Population Ecology (Population Ecology VT · HHMI Population Dynamics) VT Folder | F15: 11/2 Population Ecology lesson · HHMI Population Dynamics fiddle (short) 📝 DRAFT.Ecological Succession due 11/2 | G15: 11/4 Carrying Capacity & Limiting Factors — Oh Deer! activity (long) Notes.Population Ecology due 11/4 | H15: 11/6 Finish labs/activities | I15: 💀 Skeletal Anatomy (Lab Practical) ↗ — Activities — • Fiddle (slides): station-map warm-up • Short: pre-practical bone-station review circuit • Long: 📝 Skeletal Lab Practical (stations) • Alts: eSkeletons self-quiz / peer flash-card relay / labeled-skeleton speed round | J15: 11/3 OFF — Election Day (Schools Closed) | K15: 11/5 Thu: 📝 Skeletal Lab Practical (EXAM) (moved from Tue 11/3 — Election Day) | M15: Mock Crime Scene Folder | N15: 11/2 Mon: Process the scene — secure & document (sketch, photos), collect & package evidence, chain of custody | O15: 11/4 Wed: Lab analysis of collected evidence · build the case · mock investigative briefing + reveal/debrief | P15: 11/6 Catch-up / flex (EOW)
A16: Wk 11 | B16: MP 2 | C16: Nov 09 – Nov 13, 2026 ⚠ Wed 11/11 Veterans Day — Schools Closed | E16: =HYPERLINK("https://drive.google.com/drive/folders/1ozCBpU95YpTaRSw14x4-u4Nlmci2ZTAq","◆ Cycle 08 · Cells & Organelles Intro to Cells (Intro to Cells VT · Learn.Genetics Cell Size & Scale) VT Folder") -> ◆ Cycle 08 · Cells & Organelles Intro to Cells (Intro to Cells VT · Learn.Genetics Cell Size & Scale) VT Folder | F16: 11/9 Intro to Cells lesson · Cell Size & Scale fiddle (short) 📝 DRAFT.Population Ecology due 11/9 | G16: 11/11 OFF — Veterans Day (Schools Closed) | H16: 11/13 History of cell discovery / cell theory timeline (long) (moved from Wed 11/11 — Veterans Day) Notes.Intro to Cells due 11/13 | I16: 🍗 Muscles (System) ↗ — Activities — (CA#M1 sarcomere = the contractile unit) • Fiddle (slides): GetBodySmart sliding-filament animation • Short: label-the-sarcomere — Z-line / A-band / I-band (CA#M1) • Long: Chicken Wing Dissection — muscle→fascicle→fiber→sarcomere hierarchy • Alts: Tom (DMD) case / "rubber-band sarcomere" build / Label Muscle Structure + Sarcomere coloring (open-book ref) | J16: 11/10 Tue: #M1 Lesson: Muscular System · Case: Tom (DMD) | K16: 11/12 Thu: Lab: Chicken Wing Dissection (see the hierarchy) | L16: 11/13 Fri: #M1 Sarcomere = the contractile unit · Open-book ref: Label Muscle Structure, Sarcomere coloring | M16: Arson VT Folder | N16: 11/9 Arson — lesson + short (Willingham) | O16: 11/11 OFF — Veterans Day (Schools Closed) | P16: 11/13 Arson evidence activity · 📝 Notes due (moved from Wed 11/11 — Veterans Day)
A17: Wk 12 | B17: MP 2 | C17: Nov 16 – Nov 20, 2026 | E17: =HYPERLINK("https://drive.google.com/drive/folders/1ozCBpU95YpTaRSw14x4-u4Nlmci2ZTAq","◆ Cycle 08 · Cells & Organelles Cell Organelles (Cell Organelles VT · BioMan Cell Explorer) VT Folder") -> ◆ Cycle 08 · Cells & Organelles Cell Organelles (Cell Organelles VT · BioMan Cell Explorer) VT Folder | F17: 11/16 Cell Organelles lesson · BioMan Cell Explorer fiddle (short) 📝 DRAFT.Intro to Cells due 11/16 | G17: 11/18 Organelles Stations (plant vs animal sort, labeling) (long) Notes.Cell Organelles due 11/18 | H17: 11/20 Finish labs/activities | I17: 🍗 Muscles (System) (cont.) ↗ — Activities — (CA#M2 sliding filament → #M3–4 NMJ & dystrophin → #M5 NMJ poisons) • Fiddle (slides): BioMan / PhET muscle-contraction sim • Short: sliding-filament sequence sort (CA#M2) • Long: The Gene Doctors (DMD) — NMJ & dystrophin (CA#M3–4) • Alts: #M5 NMJ-poison "predict the effect" (curare/botulinum/organophosphate) / Tired Swimmer (myasthenia) case / NMJ diagram label | J17: 11/17 Tue: #M2 Sliding Filament Model — how a muscle shortens | K17: 11/19 Thu: #M3–4 NMJ & dystrophin — Video: The Gene Doctors (DMD) | L17: 11/20 Fri: #M5 NMJ poisons — predict the effect · Case: The Tired Swimmer 🦄 | M17: Ballistics VT Folder | N17: 11/16 Ballistics — lesson + short (St. Valentine's Day Massacre) 📝 DRAFT.Arson due 11/16 | O17: 11/18 Ballistics matching activity · 📝 Notes due | P17: 11/20 Catch-up / flex (EOW)
A18: Wk 13 | B18: MP 2 | C18: Nov 23 – Nov 27, 2026 ⚠ Teacher in-service Mon–Wed (no students) · Thanksgiving Thu–Fri | E18: No classes — teacher in-service Mon–Wed + Thanksgiving Thu–Fri Folder | F18: 11/23 OFF — Teacher in-service (no students) | G18: 11/25 OFF — Teacher in-service (no students) | H18: 11/27 OFF — Thanksgiving | I18: No classes — teacher in-service Mon–Wed + Thanksgiving Thu–Fri | J18: 11/24 OFF — Teacher in-service (no students) | K18: 11/26 OFF — Thanksgiving | L18: 11/27 OFF — Thanksgiving | M18: Blood Evidence (Part 1) VT Folder | N18: 11/23 OFF — Teacher in-service (no students) | O18: 11/25 OFF — Teacher in-service (no students) | P18: 11/27 OFF — Thanksgiving
A19: Wk 14 | B19: MP 2 | C19: Nov 30 – Dec 04, 2026 | E19: =HYPERLINK("https://drive.google.com/drive/folders/1BsqqCAa467Hs8Rkaenoa1z7kZT84_1Mo","◆ Cycle 09 · Membrane & Transport Cell Membrane (Cell Membrane Lesson · BioMan Cell Defense) VT Folder") -> ◆ Cycle 09 · Membrane & Transport Cell Membrane (Cell Membrane Lesson · BioMan Cell Defense) VT Folder | F19: 11/30 Cell Membrane lesson + Cell Defense fiddle (short) 📝 DRAFT.Cell Organelles due 11/30 | G19: 12/2 Membrane Bubble Lab (long) Notes.Cell Membrane due 12/2 | H19: 12/4 Finish labs/activities | I19: 🍗 Muscles (Naming) ↗ — Activities — • Fiddle (slides): GetBodySmart muscle-naming map • Short: muscle-naming logic drill (shape/location/action — trapezius/rhomboid/serratus) • Long: muscle-groups open-book practice + Muscle Anatomy coloring • Alts: Mystery of Muscle Weakness case / origin–insertion–action table / Kahoot muscle-naming review | J19: 12/1 Tue: Muscle naming & groups (open-book practice) · ref: Muscle Anatomy coloring | K19: 12/3 Thu: Case: Mystery of Muscle Weakness | L19: 12/4 Fri: Open-book practice | M19: Blood Evidence (Part 2) VT Folder | N19: 11/30 Blood L1: Serology / Typing — lesson + short 📝 DRAFT.Ballistics due 11/30 | O19: 12/2 Blood typing lab · 📝 Notes due | P19: 12/4 Catch-up / flex (EOW)
A20: Wk 15 | B20: MP 2 | C20: Dec 07 – Dec 11, 2026 ⚠ Fri 12/11 In-Service — Schools Closed | E20: =HYPERLINK("https://drive.google.com/drive/folders/1BsqqCAa467Hs8Rkaenoa1z7kZT84_1Mo","◆ Cycle 09 · Membrane & Transport Cell Transport (Cell Transport Lesson · PhET Membrane Transport + BioMan Osmosis) VT Folder") -> ◆ Cycle 09 · Membrane & Transport Cell Transport (Cell Transport Lesson · PhET Membrane Transport + BioMan Osmosis) VT Folder | F20: 12/7 Cell Transport lesson · PhET Membrane Transport fiddle (short) 📝 DRAFT.Cell Membrane due 12/7 | G20: 12/9 Osmosis lab (egg/potato) + BioMan Osmosis (long) Notes.Cell Transport due 12/9 | H20: 12/11 OFF — In-Service (Schools Closed) | I20: 🍗 Muscles (Naming) (cont.) ↗ — Activities — • Fiddle (slides): muscle-ID speed round • Short: open-book review circuit • Long: 📝 UNIT EXAM — Muscular System • Alts: flex/catch-up lab make-ups / peer quiz relay / cumulative muscle map | J20: 12/8 Tue: Open-book review | K20: 12/10 Thu: 📝 UNIT EXAM — Muscular System | L20: 12/11 OFF — In-Service (Schools Closed) | M20: DNA Profiling (Part 1) VT Folder | N20: 12/7 Blood L2–3: Spatter — lesson + short 📝 DRAFT.Blood Evidence L1: Serology / Blood Typing due 12/7 | O20: 12/9 Spatter angle & area-of-origin lab · 📝 Notes due | P20: 12/11 OFF — In-Service (Schools Closed)
A21: Wk 16 | B21: MP 2 | C21: Dec 14 – Dec 18, 2026 | E21: =HYPERLINK("https://drive.google.com/drive/folders/1lSREsE87lV-dqy8foAktSXf-uHABeqsN","◆ Cycle 10 · Enzymes Enzymes (Enzymes Lesson · BioMan Enzymatic) VT Folder") -> ◆ Cycle 10 · Enzymes Enzymes (Enzymes Lesson · BioMan Enzymatic) VT Folder | F21: 12/14 Enzymes lesson · BioMan Enzymatic fiddle (short) 📝 DRAFT.Cell Transport due 12/14 | G21: 12/16 Enzyme lab (toothpickase / liver-catalase) (long) Notes.Enzymes due 12/16 | H21: 12/18 Finish labs/activities | I21: Nervous System ↗ — Activities — (CA#N1 organization → #N2–3 myelin/demyelination → #N4 synapse) • Fiddle (slides): GetBodySmart / BioMan action-potential animation • Short: MS (Izzy) case — CNS/PNS organization (CA#N1) • Long: myelin & demyelination model (CA#N2–3) · Neuroglia (open-book ref) • Alts: #N4 synapse "pass the signal" model / Concussions case / label-the-neuron | J21: 12/15 Tue: #N1 Lesson: Nervous System · Case: MS (Izzy) — organization | K21: 12/17 Thu: #N2–3 Myelin & demyelination (MS) · Neuroglia (open-book ref) | L21: 12/18 Fri: #N4 The synapse · Case Study: Concussions 🦄 | M21: DNA Profiling (Part 2) VT Folder | N21: 12/14 DNA Profiling L1 — lesson + short (Colin Pitchfork) 📝 DRAFT.Blood Evidence L2–L3: Spatter due 12/14 | O21: 12/16 DNA profiling activity · 📝 Notes due | P21: 12/18 Catch-up / flex (EOW)
A22: Wk 16b | B22: MP 2 | C22: Dec 21 – Dec 22, 2026 ⚠ Mon–Tue only · Winter break begins Wed 12/23 | E22: Semester 1 catch-up / grading — no new content | F22: 12/21 Buffer: catch-up, late/missing work, notebook check · no new content | G22: 12/23 OFF — Winter Break begins | H22: 12/25 OFF — Winter Break | I22: Semester 1 catch-up / grading — no new content | J22: 12/22 Buffer: catch-up, lab make-ups, grading · no new content | K22: 12/24 OFF — Winter Break | L22: 12/25 OFF — Winter Break | M22: Semester 1 catch-up / grading — no new content | N22: 12/21 Buffer: catch-up, late/missing work · no new content | O22: 12/23 OFF — Winter Break begins | P22: 12/25 OFF — Winter Break
A23: Wk 17 | B23: MP 2 | C23: Jan 04 – Jan 08, 2027 ⚠ Winter break Dec 23 – Jan 3 | E23: ◆ Enrichment → folds into Cycle 06 (Respiration & Fermentation) Cellular Respiration & Glycolysis (Cellular Respiration revised · BioMan Photo & Resp) VT Folder | F23: 1/4 Cellular Respiration lesson · BioMan Photo & Resp fiddle (short) 📝 DRAFT.Enzymes due 1/4 | G23: 1/6 Respiration graphic organizer / stations (long) Notes.Cellular Respiration due 1/6 | H23: 1/8 Finish labs/activities | I23: Nervous System (cont.) ↗ — Activities — (CA#N5 drugs hijack the synapse) • Fiddle (slides): Mouse Party (Learn.Genetics) — drugs at the synapse • Short: Substance Abuse & Teens — synapse hijack (CA#N5) • Long: Brain Dissection (sheep) + Mini Mental State Exam • Alts: Cranial Nerves (open-book ref) / Brain–Synapse coloring / Review Guide before Unit Exam | J23: 1/5 Tue: #N5 Drugs hijack the synapse — Substance Abuse & Teens | K23: 1/7 Thu: Brain (condensed): Brain Dissection lab + Mini Mental State · Cranial Nerves = open-book ref | L23: 1/8 Fri: 📝 UNIT EXAM — Nervous System · ref: Brain/Synapse coloring, Cranial Nerves, Review Guide | M23: DNA Profiling (Part 3) & Fibers VT Folder | N23: 1/4 DNA Profiling L2: match probability — lesson + short 📝 DRAFT.DNA Profiling L1 due 1/4 | O23: 1/6 Virtual gel electrophoresis · 📝 Notes due | P23: 1/8 Catch-up / flex (EOW)
A24: Wk 18 | B24: MP 2 | C24: Jan 11 – Jan 15, 2027 | E24: =HYPERLINK("https://drive.google.com/drive/folders/1LltOdMoB_7F9KQC1rDgjQg77S8sVvkf3","◆ Cycle 11 · Cell Cycle → Cancer Cell Regulation & Cancer (Cell Regulation and Cancer VT · HHMI Cell Cycle & Cancer) VT Folder") -> ◆ Cycle 11 · Cell Cycle → Cancer Cell Regulation & Cancer (Cell Regulation and Cancer VT · HHMI Cell Cycle & Cancer) VT Folder | F24: 1/11 Cancer lesson · HHMI Cell Cycle & Cancer fiddle (short) 📝 DRAFT.Cellular Respiration due 1/11 | G24: 1/13 Cancer Cells Research Stations / Mitosis–Cancer case study (long) Notes.Cell Regulation & Cancer due 1/13 | H24: 1/15 Finish labs/activities | I24: Semester 1 Final Exam Review ↗ — Activities — • Fiddle (slides): cumulative Kahoot (systems so far) • Short: unit-by-unit "one big idea" recall lap • Long: 📝 SEMESTER 1 FINAL EXAM • Alts: homeostasis-throughline concept map / station review (skeletal/muscular/nervous) / open-book guide | J24: 1/12 Tue: Final Exam Review | K24: 1/14 Thu: 📝 SEMESTER 1 FINAL EXAM | M24: Fibers VT Folder | N24: 1/11 Fibers — lesson + short (Wayne Williams) 📝 DRAFT.DNA Profiling L2: match probability due 1/11 | O24: 1/13 Fiber burn / microscopy lab · 📝 Notes due | P24: 1/15 Catch-up / flex (EOW)
A25: ──── MP 3 ────────────────────────────────────────────────────────────
A26: Wk 19 | B26: MP 3 | C26: Jan 18 – Jan 22, 2027 ⚠ Mon 01/18 MLK Day | E26: =HYPERLINK("https://drive.google.com/drive/folders/1LltOdMoB_7F9KQC1rDgjQg77S8sVvkf3","◆ Cycle 11 · Cell Cycle → Cancer The Cell Cycle · VT ✓ (The Cell Cycle VT · HHMI Cell Cycle & Cancer) VT Folder") -> ◆ Cycle 11 · Cell Cycle → Cancer The Cell Cycle · VT ✓ (The Cell Cycle VT · HHMI Cell Cycle & Cancer) VT Folder | F26: 1/18 OFF | G26: 1/20 Cell Cycle Lesson (VT) + fiddle · Notes.The Cell Cycle due 1/20 — Activities — • Fiddle (slides): Mitosis Mover (BioMan) • Short: Cell‑Cycle Card Sort • Long: Eukaryotic Cell Cycle and Cancer Click & Learn • Alts: Cell Cycle Simulation (Learn.Genetics, University of Utah) – https://learn.genetics.utah.edu/content/cells/cellcycle/ – lets students toggle between interphase and mitosis on a single slide. / Cell‑Cycle Timeline Worksheet (Science Buddies) – https://www.sciencebuddies.org/science-fair-projects/references/cell-cycle-timeline – students place events on a timeline, encouraging reasoning about order and purpose. / Stem‑Cell Differentiation Lab (HHMI) – https://www.biointeractive.org/classroom-resources/stem-cell-differentiation – students model how cell‑cycle timing influences stem‑cell fate, linking division to specialization. 📝 DRAFT.Cell Regulation & Cancer due 1/20 (Mon off) | H26: 1/22 (A) Onion root tip mitosis lab / cell-cycle stations · finish labs/activities | I26: Forensics Mini Unit (A&P) ↗ — Activities — • Post-S1-final forensics crossover — materials in the 'Week 19 - Forensics Mini Unit' folder • Activity menu to be built from the folder's contents (confirm forensics scope) | M26: Hair VT Folder | N26: 1/18 OFF — MLK Day | O26: 1/20 Fingerprints — lesson (Mayfield) (moved from Mon 1/18 — MLK Day) + Dusting & lifting latent prints · 📝 Notes due 📝 DRAFT.Fibers due 1/20 (Mon off) | P26: 1/22 Catch-up / flex (EOW)
A27: Wk 20 | B27: MP 3 | C27: Jan 25 – Jan 29, 2027 | E27: =HYPERLINK("https://drive.google.com/drive/folders/1XOyYlAk2a5yJkWksIPv6bAtdB5l84Bis","◆ Cycle 12 · Reproduction & Meiosis Asexual & Sexual Reproduction · VT ✓ (Asexual & Sexual Reproduction VT · BioMan Snurfle Meiosis) VT Folder") -> ◆ Cycle 12 · Reproduction & Meiosis Asexual & Sexual Reproduction · VT ✓ (Asexual & Sexual Reproduction VT · BioMan Snurfle Meiosis) VT Folder | F27: 1/25 IN-SERVICE | G27: 1/27 Asexual reproduction types stations (fission/budding/fragmentation) · Notes.Asexual & Sexual Reproduction due 1/27 — Activities — • Fiddle (slides): Snurfle Meiosis (BioMan) • Short: Think‑Pair‑Share: Clones vs. Hybrids • Long: Starfish Regeneration Lab • Alts: HHMI BioInteractive video: "Sexual vs. Asexual Reproduction" (online video that can be embedded on a slide). / 5E Lesson “Reproduction Think Cards” – short card‑based activity where groups sort scenarios into asexual or sexual categories and justify their choices. / AACT Aphid Life‑Cycle Investigation – students raise aphids under different conditions to see how they switch between asexual and sexual reproduction. 📝 DRAFT.The Cell Cycle due 1/27 (Mon off) | H27: 1/29 Finish labs/activities | I27: Senses ↗ — Activities — (CA#S1 receptor types → #S2 pain) • Fiddle (slides): receptor-type sorting interactive • Short: Lab Stations on Senses — classify receptors (CA#S1) • Long: Two-Point Touch Discrimination — receptor density (CA#S1) • Alts: #S2 Pain — ice demo + FLACC scale / Pain in the Rear case / Label the Ear (open-book ref) | J27: 1/26 Tue: #S1 Lesson: Sensory Perception · Lab Stations on Senses (receptor types) | K27: 1/28 Thu: #S1 Two-Point Touch Discrimination (lab — receptor density) · ref: Label the Ear | L27: 1/29 Fri: #S2 Pain — Ice demo + Case: Pain in the Rear (FLACC scale) | M27: Unit 2 Review & Exam Folder | N27: 1/25 OFF — In-Service | O27: 1/27 Hair — lesson (Santae Tribble) (moved from Mon 1/25 — in-service) + Hair microscopy lab · 📝 Notes due 📝 DRAFT.Fingerprints due 1/27 (Mon off) | P27: 1/29 Catch-up / flex (EOW)
A28: Wk 21 | B28: MP 3 | C28: Feb 01 – Feb 05, 2027 | E28: =HYPERLINK("https://drive.google.com/drive/folders/1QUooI_qUo2iLDJCr5gaBdQBc0QHPzxgx","◆ Cycle 16 · Mutations & Gene Expression Stem Cell Differentiation · VT ✓ (Stem Cell Differentiation VT · HHMI) VT Folder") -> ◆ Cycle 16 · Mutations & Gene Expression Stem Cell Differentiation · VT ✓ (Stem Cell Differentiation VT · HHMI) VT Folder | F28: 2/1 Stem cell differentiation reading / case study — Activities — • Fiddle (slides): BioMan Cell Specialization Game • Short: HHMI BioInteractive – Cancer and Cell Fate in the Intestinal Epithelium • Long: Morgridge Institute Directed Differentiation Activity • Alts: Use a Kahoot quiz titled “Stem Cell Potency Quick‑Fire” (source: web) to test key concepts in real time. / Conduct a Think‑Pair‑Share using the Sanford PROMISE Immortal Cells Cell Differentiation Activity (source: Sanford PROMISE) to discuss epigenetic signals. / Run the PBS NOVA "Stem Cells Breakthrough" classroom activity (source: PBS NOVA) where students build clay models of differentiated tissues and map lineage pathways. 📝 DRAFT.Asexual & Sexual Reproduction due 2/1 | G28: 2/3 Stem cell ethics discussion (claim–evidence) · Notes.Stem Cell Differentiation due 2/3 | H28: 2/5 Finish labs/activities | I28: Senses (cont.) ↗ — Activities — (CA#S3–4 hearing chain + eye) • Fiddle (slides): GetBodySmart ear/eye interactive • Short: hearing-chain sequence sort (CA#S3) • Long: Cow Eye Dissection (CA#S4) • Alts: Molly/Leber case (gene→phenotype) / Eye–Ear coloring (open-book ref) / review before Unit Exam | J28: 2/2 Tue: #S3–4 Hearing chain + Eye — Cow Eye Dissection | K28: 2/4 Thu: Eye/Leber case (Molly): gene → phenotype [Eye companion deck] · ref: Eye/Ear coloring | L28: 2/5 Fri: Open-book review · 📝 UNIT EXAM — Senses | M28: Unit 2 Review & Assessment Folder | N28: 2/1 Unit 2 — Review 📝 DRAFT.Hair due 2/1 | O28: 2/3 📝 Unit 2 Assessment | P28: 2/5 Catch-up / flex (EOW)
A29: Wk 22 | B29: MP 3 | C29: Feb 08 – Feb 12, 2027 | E29: =HYPERLINK("https://drive.google.com/drive/folders/19wtWM4tfDvTtnHuNHGL0aHwrmZFHpSO8","◆ Cycle 13 · Mendelian Genetics Introduction to Heredity · VT ✓ (Introduction to Heredity · VT built) VT Folder") -> ◆ Cycle 13 · Mendelian Genetics Introduction to Heredity · VT ✓ (Introduction to Heredity · VT built) VT Folder | F29: 2/8 Intro to Heredity Lesson — Activities — • Fiddle (slides): Monster Genetics Simulation • Short: Pedigree Analysis Worksheet • Long: Inheritance of Lactose Intolerance (HHMI BioInteractive) • Alts: Snurfle Meiosis and Genetics game (BioMan) – an interactive quiz on meiosis and trait inheritance. / Design "Y'er Genes" activity (Science Buddies) – students model DNA mutations and predict phenotypic changes. / University of Utah Teach.Genetics – Generations of Traits pom‑pom activity – hands‑on exploration of trait inheritance across multiple generations. 📝 DRAFT.Stem Cell Differentiation due 2/8 | G29: 2/10 Class trait inventory / family traits activity · Notes.Introduction to Heredity due 2/10 | H29: 2/12 IN-SERVICE 2/12 | I29: Endocrine System ↗ — Activities — (CA#E1–2 messengers & feedback) • Fiddle (slides): hormone-target "lock & key" interactive • Short: Timothy case — messengers & feedback (CA#E1–2) • Long: HASPI Stress Response Lab (cortisol/adrenaline) • Alts: negative vs positive feedback sort / Ghrelin Demo (article) / Endocrine Concept Map (open-book ref) | J29: 2/9 Tue: #E1–2 Lesson: Endocrine · Case: Timothy — messengers & feedback | K29: 2/11 Thu: #E2 HASPI Stress Response Lab (cortisol/adrenaline) + #E2 Negative vs positive feedback · Ghrelin Demo (article) (moved from Fri 2/12 — in-service) | L29: 2/12 OFF — In-Service | M29: Cold Case Synthesis (Unit 2 Capstone) Folder | N29: 2/8 Mon: Cold-case file drop — integrate Unit 2 evidence (arson, ballistics, blood, DNA, fibers, prints, hair); build the case, verdict withheld | O29: 2/10 Wed: Evidence-reliability audit — which forensics hold up vs. overstate? · team findings + reveal | P29: 2/12 OFF — In-Service
A30: Wk 23 | B30: MP 3 | C30: Feb 15 – Feb 19, 2027 ⚠ Mon 02/15 Presidents' Day | E30: =HYPERLINK("https://drive.google.com/drive/folders/19wtWM4tfDvTtnHuNHGL0aHwrmZFHpSO8","◆ Cycle 13 · Mendelian Genetics Intro to Genetics & Mendel · VT ✓ (Mendelian Genetics Lesson · Snurfle Meiosis & Genetics) VT Folder") -> ◆ Cycle 13 · Mendelian Genetics Intro to Genetics & Mendel · VT ✓ (Mendelian Genetics Lesson · Snurfle Meiosis & Genetics) VT Folder | F30: 2/15 OFF | G30: 2/17 Mendelian Genetics Lesson + Snurfle Genetics fiddle · Notes.Mendelian Genetics due 2/17 — Activities — • Fiddle (slides): Monster Genetics • Short: Punnett Square Practice (Stickelback Trait) • Long: Mendelian Genetics, Probability, Pedigrees, and Chi‑Square Statistics • Alts: Snurfle Meiosis and Genetics (BioMan) – https://www.biomanbio.com/Genetics/SnurfleMeiosis.htm – lets students visualize meiosis and allele separation in a short interactive / BioMan Genetics Quiz – https://www.biomanbio.com/Genetics/GeneticsQuiz.htm – a rapid‑fire quiz that forces students to think through monohybrid cross outcomes / Science Buddies Mendelian Genetics Lab – https://www.sciencebuddies.org/science-fair-projects/project-ideas/Genetics_p025/biology – a hands‑on pea‑plant experiment guiding students through setting up crosses, recording data, and analyzing ratios 📝 DRAFT.Introduction to Heredity due 2/17 (Mon off) | H30: 2/19 (B) Monster Genetics / Mendel pea-cross activity · finish labs/activities | I30: Endocrine System (cont.) ↗ — Activities — (CA#E4 hyper/hypo disorders) • Fiddle (slides): insulin/glucagon feedback simulator • Short: hyper/hypo disorder match (CA#E4) • Long: glucose homeostasis (insulin/glucagon) & diabetes investigation • Alts: Achondroplasia & Gene Therapy (bioethics) / Vocab Matching + Review Guide / open-book review before Unit Exam | J30: 2/16 Tue: #E4 Hyper/hypo disorders — Achondroplasia & Gene Therapy (bioethics) | K30: 2/18 Thu: Glucose homeostasis (insulin/glucagon) & diabetes · ref: Endocrine Concept Map | L30: 2/19 Fri: Open-book review · 📝 UNIT EXAM — Endocrine · ref: Vocab Matching, Review Guide | M30: Forensic Pathology & Expert in Court (Bridge to Unit 3) Folder | N30: 2/15 OFF — Presidents Day | O30: 2/17 Wed: Intro to the Medical Examiner & forensic pathology — what an autopsy can/can't answer (bridge to Death unit) | P30: 2/19 Fri: The forensic expert in court — testimony, junk science & the 'CSI effect'
A31: Wk 24 | B31: MP 3 | C31: Feb 22 – Feb 26, 2027 | E31: =HYPERLINK("https://drive.google.com/drive/folders/19wtWM4tfDvTtnHuNHGL0aHwrmZFHpSO8","◆ Cycle 13 · Mendelian Genetics Genetics Continued: Punnett Squares · VT ✓ (genetics_with_vt_inserts · Pedigrees · Complex Inheritance) VT Folder") -> ◆ Cycle 13 · Mendelian Genetics Genetics Continued: Punnett Squares · VT ✓ (genetics_with_vt_inserts · Pedigrees · Complex Inheritance) VT Folder | F31: 2/22 Genetics Continued (VT) + Punnett practice — Activities — • Fiddle (slides): Pedigree Analysis Game • Short: Blue Fugates Case Discussion • Long: Science Buddies: Methemoglobinemia Pedigree Lab • Alts: Genetics Monster Builder (BioMan) – interactive drag‑and‑drop to create parent monsters and predict offspring traits; reinforces Punnett square thinking on a slide. / Quick Think‑Pair‑Share: Predicting offspring skin color for the Blue Fugates – a 5‑minute classroom prompt that asks pairs to calculate probabilities and justify carrier status (source: web). / HHMI BioInteractive: Sickle Cell Disease – Extended Lab – students model a real‑world recessive disorder, build pedigrees, and perform chi‑square analysis (source: HHMI). 📝 DRAFT.Mendelian Genetics due 2/22 | G31: 2/24 Punnett square stations + Pedigrees · Notes.Genetics Continued due 2/24 | H31: 2/26 Finish labs/activities | I31: Blood and Immune System ↗ — Activities — • Fiddle (slides): blood-cell ID interactive (RBC/WBC/platelets) • Short: Ian (Cooley's Anemia) case • Long: Hematocrit Investigation • Alts: WBC & immunity (VT) / Sickle Cell + Survival of the Sickest (evolution link) / Blood Concept Map | J31: 2/23 Tue: Lesson: Blood Cells (RBC/WBC/Platelets) · Case: Ian (Cooley's Anemia) | K31: 2/25 Thu: WBC & immunity (VT) · Hematocrit Investigation | L31: 2/26 Fri: Genetics: Sickle Cell + Survival of the Sickest 🦄 (evolution) | M31: Introduction to Toxicology & Toxicology-Drug Schedules VT Folder | N31: 2/22 Toxicology: Introduction — lesson + short (Lafarge) | O31: 2/24 LD50 “dose makes the poison” · 📝 Notes due | P31: 2/26 Catch-up / flex (EOW)
A32: Wk 25 | B32: MP 3 | C32: Mar 01 – Mar 05, 2027 | E32: ◆ Enrichment → folds into Cycle 13 (Mendelian Genetics) Dihybrid Crosses · VT ✓ (Mendels Laws & Dihybrid · Snurfle Meiosis 2) VT Folder | F32: 3/1 Dihybrid Lesson + Snurfle Meiosis 2 fiddle — Activities — • Fiddle (slides): Snurfle Meiosis and Genetics 2: Diversity and Dihybrid Crosses • Short: Modeling Independent Assortment and Dihybrid Crosses • Long: The Teosinte Hypothesis • Alts: Genetics Games – Dihybrid Cross Challenge (Science Buddies) – an online interactive that lets students drag‑and‑drop alleles into a 16‑square grid. / Think‑Pair‑Share: Predicting Dihybrid Ratios – students first predict outcomes individually, then discuss in pairs, and finally share with the class. / Laboratory Dihybrid Cross with Fast‑Growing Peas – students set up real monohybrid and dihybrid crosses, grow plants, and record phenotypic ratios over several weeks. 📝 DRAFT.Genetics Continued due 3/1 | G32: 3/3 Dihybrid cross practice / 9:3:3:1 ratios · Notes.Dihybrid Crosses due 3/3 | H32: 3/5 Finish labs/activities | I32: Blood and Immune System (cont.) ↗ — Activities — • Fiddle (slides): blood-typing antigen/antibody sim • Short: Blood Typing (VT) — antigens & compatibility • Long: Blood Typing Lab (+ simulated blood) • Alts: Alpha Gal Syndrome case / compatibility grid / Blood Case Studies | J32: 3/2 Tue: Blood Typing (VT) — antigens & compatibility | K32: 3/4 Thu: Lab: Blood Typing Lab (+ Simulated Blood) | L32: 3/5 Fri: Case: Alpha Gal Syndrome 🦄 / Blood Case Studies | M32: Toxicology and Forensics VT Folder | N32: 3/1 Toxicology: Effect of Drugs — lesson + short 📝 DRAFT.Toxicology: Introduction due 3/1 | O32: 3/3 Drug-schedule activity · 📝 Notes due | P32: 3/5 Catch-up / flex (EOW)
A33: Wk 26 | B33: MP 3 | C33: Mar 08 – Mar 12, 2027 ⚠ Wed 3/10 In-Service — Schools Closed | E33: =HYPERLINK("https://drive.google.com/drive/folders/1flXCm6TJKiaenHyVoyBmZVbLHlZDRvNn","◆ Cycle 14 · DNA Structure & Replication DNA Structure · VT ✓ (DNA Structure — VT Inserts) VT Folder") -> ◆ Cycle 14 · DNA Structure & Replication DNA Structure · VT ✓ (DNA Structure — VT Inserts) VT Folder | F33: 3/8 DNA Structure Lesson (VT) — Activities — • Fiddle (slides): BioMan DNA Structure Builder • Short: HHMI DNA Modeling Card Activity • Long: Science Buddies Candy DNA Lab • Alts: Interactive DNA Zipper Mini‑Game (web) – a simple browser game that lets students drag and drop bases to form a helix / Think‑Pair‑Share: Mutation Impacts Worksheet (web) – students analyze scenarios of harmful vs. beneficial mutations / Case Study: The Human Genome Project (web) – students explore real data, genome size, and ethical considerations 📝 DRAFT.Dihybrid Crosses due 3/8 | G33: 3/10 OFF — In-Service (Schools Closed) | H33: 3/12 DNA model build (paper / candy) (moved from Wed 3/10 — in-service) Notes.DNA Structure due 3/12 | I33: Blood and Immune System (cont.) ↗ — Activities — • Fiddle (slides): HHMI immune-response animation • Short: Man With the Golden Arm — immune defense • Long: Hemophilia + blood feedback-loop investigation • Alts: WBC Chart / Concept Map / Study Guide — open-book review before Unit Exam | J33: 3/9 Tue: Immune defense — Man With the Golden Arm 🦄 | K33: 3/11 Thu: Genetics: Hemophilia · Blood Feedback Loop | L33: 3/12 Fri: Open-book review · 📝 UNIT EXAM — Blood & Immune · ref: Concept Map, WBC Chart, Study Guide | M33: Toxicology Review & Assessment Folder | N33: 3/8 Toxicology — Review 📝 DRAFT.Toxicology: The Effect of Drugs due 3/8 | O33: 3/10 OFF — In-Service (Schools Closed) | P33: 3/12 📝 Toxicology Assessment (moved from Wed 3/10 — in-service)
A34: Wk 27 | B34: MP 3 | C34: Mar 15 – Mar 19, 2027 | E34: =HYPERLINK("https://drive.google.com/drive/folders/1flXCm6TJKiaenHyVoyBmZVbLHlZDRvNn","◆ Cycle 14 · DNA Structure & Replication DNA Replication · VT ✓ (DNA Replication VT) VT Folder") -> ◆ Cycle 14 · DNA Structure & Replication DNA Replication · VT ✓ (DNA Replication VT) VT Folder | F34: 3/15 DNA Replication Lesson (VT) — Activities — • Fiddle (slides): BioMan DNA Replication Interactive • Short: HHMI Think‑Pair‑Share: Enzyme Order Card Sort • Long: Science Buddies Meselson‑Stahl Pulse‑Chase Lab • Alts: AACT DNA Replication Game / Web‑based DNA Replication Think‑Quiz (Quizizz) / Pipe‑Cleaner DNA Model Activity (Science Buddies) 📝 DRAFT.DNA Structure due 3/15 | G34: 3/17 DNA replication modeling activity · Notes.DNA Replication due 3/17 | H34: 3/19 Finish labs/activities | I34: Heart and Circulatory System ↗ — Activities — • Fiddle (slides): GetBodySmart heart / blood-flow animation • Short: Aortic Stenosis (Lucas) — structure→function • Long: Heart Dissection (sheep) • Alts: A Tiny Heart / Heart of a Swimmer case / trace-a-drop blood-flow path / Label the Heart (open-book ref) | J34: 3/16 Tue: Lesson: Cardiovascular System (VT) · Case: Aortic Stenosis (Lucas) | K34: 3/18 Thu: Lab: Heart Dissection | L34: 3/19 Fri: Case: A Tiny Heart + Heart of a Swimmer 🦄 · ref: Label the Heart | M34: Introduction to Death & What is Death VT Folder | N34: 3/15 What is Death? — lesson + short (Schiavo/McMath) | O34: 3/17 Class debate: defining death · 📝 Notes due | P34: 3/19 Catch-up / flex (EOW)
A35: ──── MP 4 ────────────────────────────────────────────────────────────
A36: Wk 28 | B36: MP 4 | C36: Mar 22 – Mar 26, 2027 ⚠ Fri 03/26 Schools Closed | E36: =HYPERLINK("https://drive.google.com/drive/folders/1XOyYlAk2a5yJkWksIPv6bAtdB5l84Bis","◆ Cycle 12 · Reproduction & Meiosis Meiosis and Sexual Reproduction · VT ✓ (The Process of Meiosis — VT Inserts) VT Folder") -> ◆ Cycle 12 · Reproduction & Meiosis Meiosis and Sexual Reproduction · VT ✓ (The Process of Meiosis — VT Inserts) VT Folder | F36: 3/22 Meiosis VT (3-Tier) + Snurfle Meiosis fiddle · Day-1 short: mitosis-vs-meiosis compare 📝 DRAFT.DNA Replication due 3/22 | G36: 3/24 Day-2 long: chromosome modeling — crossing over & independent assortment Notes.Meiosis due 3/24 | H36: 3/26 OFF — Schools Closed | I36: Heart & Circulatory System (cont.) ↗ — Activities — • Fiddle (slides): ECG / pacemaker interactive • Short: Cardiac Cycle (VT) — pacemaker / ECG / BP • Long: Measuring Blood Pressure lab • Alts: pulse-pressure prediction / Label Circulatory System (open-book ref) / open-book review before Unit Exam | J36: 3/23 Tue: Cardiac Cycle (VT) — pacemaker / ECG / blood pressure + Lab: Measuring Blood Pressure | K36: 3/25 Thu: 📝 UNIT EXAM — Heart & Circulatory · Open-book review · ref: Label Circulatory System | L36: 3/26 OFF — Schools Closed | M36: Stages of Decomposition & The Body Farm Folder | N36: 3/22 Stages of Decomposition — lesson + short: decomposition-stage sort 📝 DRAFT.What is Death? due 3/22 | O36: 3/24 The Body Farm (forensic taphonomy) case study · 📝 Notes due | P36: 3/26 OFF — Schools Closed
A37: Wk 29 | B37: MP 4 | C37: Mar 29 – Apr 02, 2027 ⚠ Spring Break | E37: Spring Break | F37: 3/29 OFF — Spring Break | G37: 3/31 OFF — Spring Break | H37: 4/2 OFF — Spring Break | I37: Spring Break | J37: 3/30 OFF — Spring Break | K37: 4/1 OFF — Spring Break | L37: 4/2 OFF — Spring Break | M37: Spring Break | N37: 3/29 OFF — Spring Break | O37: 3/31 OFF — Spring Break | P37: 4/2 OFF — Spring Break
A38: Wk 30 | B38: MP 4 | C38: Apr 05 – Apr 09, 2027 | E38: =HYPERLINK("https://drive.google.com/drive/folders/1RKFet7ov0Pfu6kbG1mDfnQKWzGpFHJXA","◆ Cycle 15 · Protein Synthesis Genes and Chromosomes · VT ✓ (Genes and Chromosomes VT — DNA→gene→chromosome, locus, alleles) VT Folder") -> ◆ Cycle 15 · Protein Synthesis Genes and Chromosomes · VT ✓ (Genes and Chromosomes VT — DNA→gene→chromosome, locus, alleles) VT Folder | F38: 4/5 Genes & Chromosomes VT (3-Tier) + Tour of the Basics fiddle · Day-1 short: scale-ladder sort / locus match / gene-vs-allele sort 📝 DRAFT.Meiosis due 4/5 | G38: 4/7 Day-2 long: pipe-cleaner chromosome build · gene map · class allele survey Notes.Genes and Chromosomes due 4/7 | H38: 4/9 IN-SERVICE 4/9 | I38: Digestive System ↗ — Activities — • Fiddle (slides): digestion-path interactive (BioDigital) • Short: Scurvy! case — nutrient function • Long: Villi Absorption sim + Model the Alimentary Canal with String • Alts: Celiac Disease case / Dirty Realities (microbiome) article / enzyme–substrate match | J38: 4/6 Tue: Lesson: Digestive System · Case: Scurvy! | K38: 4/8 Thu: Sim: Villi Absorption + Model the Alimentary Canal with String + Case Study: Celiac Disease · Article: Dirty Realities 🦄 (microbiome) (moved from Fri 4/9 — in-service) | L38: 4/9 OFF — In-Service | M38: Livor, Rigor and Algor Mortis (Time of Death) VT Folder | N38: 4/5 Time of Death: Livor / Rigor / Algor — lesson + short 📝 DRAFT.Stages of Decomposition & The Body Farm due 4/5 | O38: 4/7 Algor Mortis cooling lab · 📝 Notes due | P38: 4/9 OFF — In-Service
A39: Wk 31 | B39: MP 4 | C39: Apr 12 – Apr 16, 2027 | E39: =HYPERLINK("https://drive.google.com/drive/folders/1RKFet7ov0Pfu6kbG1mDfnQKWzGpFHJXA","◆ Cycle 15 · Protein Synthesis Protein Synthesis: Transcription and Translation (Protein Synthesis Extension · Protein Synthesis VT) VT Folder") -> ◆ Cycle 15 · Protein Synthesis Protein Synthesis: Transcription and Translation (Protein Synthesis Extension · Protein Synthesis VT) VT Folder | F39: 4/12 Protein Synthesis lesson · transcription quick-decode DNA→mRNA (short) 📝 DRAFT.Genes and Chromosomes due 4/12 | G39: 4/14 Translation station — build a protein from mRNA with a codon chart (long) Notes.Protein Synthesis due 4/14 | H39: 4/16 Finish labs/activities | I39: Digestive System (cont.) ↗ — Activities — • Fiddle (slides): peristalsis / sphincter animation • Short: Esophagus Length & Cardiac Sphincter Valve lab • Long: digestive-disorders investigation • Alts: Broken Genes case / Label + Concept Map + Coloring (open-book ref) / open-book review before Unit Exam | J39: 4/13 Tue: Lab: Esophagus Length & Cardiac Sphincter Valve | K39: 4/15 Thu: Human Errors: Broken Genes 🦄 · digestive disorders | L39: 4/16 Fri: Open-book review · 📝 UNIT EXAM — Digestive · ref: Label, Concept Map, Coloring | M39: Week 30 Autopsy week VT Folder | N39: 4/12 The Autopsy: Cause vs Manner — lesson + short (Barlow) 📝 DRAFT.Time of Death: Livor / Rigor / Algor Mortis due 4/12 | O39: 4/14 Cause / manner case sort · 📝 Notes due | P39: 4/16 Catch-up / flex (EOW)
A40: Wk 32 | B40: MP 4 | C40: Apr 19 – Apr 23, 2027 | E40: =HYPERLINK("https://drive.google.com/drive/folders/1QUooI_qUo2iLDJCr5gaBdQBc0QHPzxgx","◆ Cycle 16 · Mutations & Gene Expression Cell Differentiation and Gene Expression (Biotechnology · Genetic Mutations · Mutations and Genetic Disorders) VT Folder") -> ◆ Cycle 16 · Mutations & Gene Expression Cell Differentiation and Gene Expression (Biotechnology · Genetic Mutations · Mutations and Genetic Disorders) VT Folder | F40: 4/19 — Activities — Fiddle (on slides): LearnGenetics Build-a-DNA / BioMan gene game. Short: Frameshift 'decode the sequence' — insert/delete a base, re-read the codons. Long: Gel electrophoresis virtual lab (LearnGenetics), or the 'Case of the Desert Bones' DNA-fingerprinting case. Alt: HHMI mutation→phenotype; karyotype / nondisjunction sort for disorders. 📝 DRAFT.Protein Synthesis due 4/19 | G40: 4/21 Notes.Cell Differentiation & Gene Expression due 4/21 | H40: 4/23 Finish labs/activities | I40: Respiratory System ↗ — Activities — • Fiddle (slides): breathing-mechanics animation • Short: Cystic Fibrosis case — structure→function • Long: Spirometry investigation (lung volumes / FEV1) • Alts: Tibetans & High Altitude (adaptation) / bell-jar lung model / gas-exchange diagram | J40: 4/20 Tue: Lesson: Respiratory System · Case: Cystic Fibrosis | K40: 4/22 Thu: Investigation: Spirometry 🦄 (lung volumes / FEV1) | L40: 4/23 Fri: Case Study: Tibetans & High Altitude 🦄 (adaptation) | M40: Autopsy: Fetal Pig Dissection (lab) Folder | N40: 4/19 Fetal Pig Dissection (autopsy lab) 📝 DRAFT.The Autopsy: Cause vs. Manner due 4/19 | O40: 4/21 Pig dissection cont. + pig “funeral” | P40: 4/23 Catch-up / flex (EOW)
A41: Wk 33 | B41: MP 4 | C41: Apr 26 – Apr 30, 2027 | E41: =HYPERLINK("https://drive.google.com/drive/folders/1QBPOrHc-QBvmh2X03M1aym6ZMGRffNMu","◆ Cycle 17 · Darwin & Evidence Darwin and the Development of a Theory (Intro to Evolution VT) VT Folder") -> ◆ Cycle 17 · Darwin & Evidence Darwin and the Development of a Theory (Intro to Evolution VT) VT Folder | F41: 4/26 Darwin & the development of a theory — lesson · Darwin's observations card sort (short) 📝 DRAFT.Cell Differentiation & Gene Expression due 4/26 | G41: 4/28 Galápagos finch adaptation reading + claim–evidence (long) Notes.Introduction to Evolution due 4/28 | H41: 4/30 IN-SERVICE 4/30 | I41: Respiratory System (cont.) ↗ — Activities — • Fiddle (slides): gas-exchange diffusion sim • Short: Driving Can Be Dangerous (hypoxia) case • Long: breathing & disorders stations (COPD / asthma / CF) • Alts: Labeling + Coloring (open-book ref) / spirometer data graphing / open-book review before Unit Exam | J41: 4/27 Tue: Breathing mechanism & gas exchange · Case: Driving Can Be Dangerous (hypoxia) + Disorders (COPD, asthma, CF treatment) | K41: 4/29 Thu: 📝 UNIT EXAM — Respiratory · Open-book review · ref: Labeling, Coloring, Review | L41: 4/30 OFF — In-Service | M41: Autopsy Dissection cont. / Unit Buffer Folder | N41: 4/26 Autopsy dissection cont. / review 📝 DRAFT.The Autopsy: Fetal Pig Dissection (lab) + pig “funeral” due 4/26 | O41: 4/28 Review · 📝 Notes due | P41: 4/30 OFF — In-Service
A42: Wk 34 | B42: MP 4 | C42: May 03 – May 07, 2027 | E42: =HYPERLINK("https://drive.google.com/drive/folders/1QBPOrHc-QBvmh2X03M1aym6ZMGRffNMu","◆ Cycle 17 · Darwin & Evidence Using Fossil Evidence to Investigate Whale Evolution (Evidence of Evolution VT) VT Folder") -> ◆ Cycle 17 · Darwin & Evidence Using Fossil Evidence to Investigate Whale Evolution (Evidence of Evolution VT) VT Folder | F42: 5/3 Whale evolution / evidence of evolution lesson · homologous vs analogous quick sort (short) 📝 DRAFT.Introduction to Evolution due 5/3 | G42: 5/5 Whale fossil-sequence activity (HHMI Great Transitions) + write-up (long) Notes.Evidence of Evolution due 5/5 | H42: 5/7 Finish labs/activities | I42: Urinary System ↗ — Activities — • Fiddle (slides): nephron-filtration interactive • Short: Diaper Drama case • Long: Urinalysis (Urine Luck) lab • Alts: Kidney Donations (dialysis/transplant) article / Color & Label Urinary (open-book ref) / filtration model | J42: 5/4 Tue: Lesson: Urinary System · Case: Diaper Drama | K42: 5/6 Thu: Lab: Investigation: Urine Luck (urinalysis) | L42: 5/7 Fri: Article: Kidney Donations 🦄 (dialysis/transplant) · ref: Color & Label Urinary | M42: Introduction to Entomology & Entomology-Time of Death VT Folder | N42: 5/3 Forensic Entomology — lesson + short: life-cycle sort (Bergeret/Song Ci) | O42: 5/5 “Maggot Man” PMI by degree-days · 📝 Notes due | P42: 5/7 Catch-up / flex (EOW)
A43: Wk 35 | B43: MP 4 | C43: May 10 – May 14, 2027 | E43: =HYPERLINK("https://drive.google.com/drive/folders/12t7-0OW0SE2_4ubuFJHucyIkqjet2Naq","◆ Cycle 18 · Natural Selection Natural Selection (Natural Selection VT) VT Folder") -> ◆ Cycle 18 · Natural Selection Natural Selection (Natural Selection VT) VT Folder | F43: 5/10 Natural Selection lesson · bird-beak / bean selection quick sim (short) 📝 DRAFT.Evidence of Evolution due 5/10 | G43: 5/12 Natural selection simulation (predator–prey / peppered moth) + write-up (long) Notes.Natural Selection due 5/12 | H43: 5/14 Finish labs/activities | I43: Urinary System (cont.) ↗ — Activities — • Fiddle (slides): PopUp Biology nephron animation • Short: nephron filtration & reabsorption walk-through • Long: filtration / reabsorption stations • Alts: Drag & Drop + Labeling (open-book ref) / clearance math / open-book review before Unit Exam | J43: 5/11 Tue: Nephron filtration & reabsorption — PopUp Biology | K43: 5/13 Thu: Open-book review | L43: 5/14 Fri: 📝 UNIT EXAM — Urinary · ref: Drag & Drop, Labeling | M43: Entomology Review, Intro to Forensic Anthropology & Human Skull VT Folder | N43: 5/10 Forensic Anthropology: Intro + Skull — lesson + short (Ruxton) 📝 DRAFT.Forensic Entomology due 5/10 | O43: 5/12 Biological-profile activity · 📝 Notes due | P43: 5/14 Catch-up / flex (EOW)
A44: Wk 36 | B44: MP 4 | C44: May 17 – May 21, 2027 | E44: =HYPERLINK("https://drive.google.com/drive/folders/12t7-0OW0SE2_4ubuFJHucyIkqjet2Naq","◆ Cycle 18 · Natural Selection The Genetic Basis of Adaptation (Population Genetics Lesson) VT Folder") -> ◆ Cycle 18 · Natural Selection The Genetic Basis of Adaptation (Population Genetics Lesson) VT Folder | F44: 5/17 — Activities — Fiddle (on slides): allele-frequency bean or moth simulation. Short: 'Did it evolve?' individual-vs-population card sort. Long: Peppered-moth allele-frequency simulation — track allele % across generations. Alt: HHMI rock pocket mouse — allele & phenotype frequencies in a population. 📝 DRAFT.Natural Selection due 5/17 | G44: 5/19 Notes.Population Genetics due 5/19 | H44: 5/21 Finish labs/activities | I44: Reproductive System & Final Project ↗ — Activities — • Fiddle (slides): In the Womb (NatGeo) clip • Short: Reproductive system overview · Pirate Fertilization • Long: The 9 Months that Made You / Final Project launch • Alts: Tuskegee Syphilis Study (bioethics) / Reproductive Health PSA / case-study design workshop | J44: 5/18 Tue: Lesson: Reproductive System (biology) · Pirate Fertilization | K44: 5/20 Thu: In the Womb (NatGeo) / The 9 Months that Made You | L44: 5/21 Fri: Bioethics — Tuskegee Syphilis Study · PSA: Reproductive Health 🦄 | M44: Forensic Anthropology Pelvic Bone & Long Bones Folder | N44: 5/17 Anthropology: Pelvic + Long Bones — lesson + short 📝 DRAFT.Forensic Anthropology: Intro + The Human Skull due 5/17 | O44: 5/19 Stature from long bones (Trotter–Gleser) · 📝 Notes due | P44: 5/21 Catch-up / flex (EOW)
A45: Wk 37 | C45: May 24 – May 28, 2027 | E45: =HYPERLINK("https://drive.google.com/drive/folders/1iruHCi2QoDDr3ts8TEV3HSasPm6IHat5","◆ Cycle 19 · Speciation & Biodiversity The Processes and Outcomes of Evolution (Classifying Organisms VT · Evolutionary Patterns and Processes Lesson) VT Folder") -> ◆ Cycle 19 · Speciation & Biodiversity The Processes and Outcomes of Evolution (Classifying Organisms VT · Evolutionary Patterns and Processes Lesson) VT Folder | F45: 5/24 — Activities — Fiddle (on slides): convergent-vs-divergent image sort. Short: classify examples (shark/dolphin, Galapagos finches) as convergent / divergent / coevolution. Long: gradualism vs punctuated fossil-timeline reading; speciation/biogeography stations. Alt: build a phylogenetic tree from a trait table. 📝 DRAFT.Population Genetics due 5/24 | G45: 5/26 Notes.Classifying Organisms due 5/26 | H45: 5/28 Finish labs/activities | I45: Reproductive — Final Project (buffer) — Activities — • Short: Final Project work day • Long: Design-a-Case-Study build + peer feedback • Alts: exemplar case-study gallery walk / rubric self-check / open-book review guide | J45: 5/25 FINAL PROJECT 🦄: Design a Case Study (work day) | K45: 5/27 Final Project work · peer feedback | L45: 5/28 Final Exam Review Guide (open-book) | M45: Forensic Anthropology Lab, Review & Assessment Folder | N45: 5/24 Capstone: Conviction Integrity Review (launch) 📝 DRAFT.Forensic Anthropology: Pelvic + Long Bones due 5/24 | O45: 5/26 Capstone work + Unit 3 review · 📝 Notes/Capstone due | P45: 5/28 Catch-up / flex (EOW)
A46: Wk 38 | C46: May 31 – Jun 04, 2027 (buffer) | I46: Final Project & Final Exam (buffer) — Activities — • Short: Final Project presentations • Long: 🎓 FINAL EXAM + project due • Alts: presentation peer-feedback form / year-end reflection / make-up window | J46: 6/1 Final Project presentations | K46: 6/3 🎓 FINAL EXAM + Project due | L46: 6/4 Year-end slack / make-up

Sheet Year Task Grid
A1: Prep & Operations Grid — 2026–27 (recurring weekly rhythm; Thu/Fri point at the NEXT week)
A3: Wk / MP | B3: Dates / Off-days | C3: Mon · 1 pd WilmU + grading | D3: Tue · 2 pd Deep work | E3: Wed · 1 pd Deep work | F3: Thu · 2 pd Review next wk + grading scans | G3: Fri Set up next wk labs + groceries
A4: Wk 00 Pre | B4: Pre-service (late Aug 2026) | C4: Set up classroom / WilmU prep | D4: Deep work / year setup | E4: Deep work / year setup | F4: Review Wk 01: Introduction to Biology / Course Overview & First Day / Forensics: First Day & Classroom Rules / Procedures → see Review Links tab | G4: ① Set up Wk 01 labs (light) ② First grocery list → Lab Materials tab
A5: Wk 01 MP1 | B5: Aug 31 – Sep 04, 2026 ⚠ Fri Schools Closed 9/4 | C5: WilmU attendance + grading | D5: Deep work (your choice) | E5: Deep work (your choice) | F5: Review Wk 02: Ecosystems & Change / Introduction to Anatomy / Forensics: Lab Safety, Equipment & the Microscope → see Review Links tab | G5: OFF — Schools Closed 9/4
A6: Wk 02 MP1 | B6: Sep 07 – Sep 11, 2026 ⚠ Mon Labor Day 9/7 | C6: OFF — Labor Day 9/7 | D6: Deep work (your choice) | E6: Deep work (your choice) | F6: Review Wk 03: Intro to Energy / Intro to Anatomy (cont.) / Forensics: Observation Skills & Deductive Reasoning → see Review Links tab | G6: ① Set up labs for Wk 03 ② Grocery / materials list → Lab Materials tab
A7: Wk 03 MP1 | B7: Sep 14 – Sep 18, 2026 ⚠ Tue In-Service 9/15 | C7: WilmU attendance + grading | D7: OFF — In-Service 9/15 | E7: Deep work (your choice) | F7: Review Wk 04: Energy Flow / Cell Structure & Function / Forensics: Eyewitness Testimony & The Innocence Project → see Review Links tab | G7: ① Set up labs for Wk 04 ② Grocery / materials list → Lab Materials tab
A8: Wk 04 MP1 | B8: Sep 21 – Sep 25, 2026 ⚠ Mon Schools Closed 9/21 | C8: OFF — Schools Closed 9/21 | D8: Deep work (your choice) | E8: Deep work (your choice) | F8: Review Wk 05: Biogeochemical Cycles / Cell Structure (cont.) / Forensics: Investigative Processes & Types of Evidence → see Review Links tab | G8: ① Set up labs for Wk 05 ② Grocery / materials list → Lab Materials tab
A9: Wk 05 MP1 | B9: Sep 28 – Oct 02, 2026 | C9: WilmU attendance + grading | D9: Deep work (your choice) | E9: Deep work (your choice) | F9: Review Wk 06: Photosynthesis / Body Tissues / Forensics: Searching & Photographing the Scene → see Review Links tab | G9: ① Set up labs for Wk 06 ② Grocery / materials list → Lab Materials tab
A10: Wk 06 MP1 | B10: Oct 05 – Oct 09, 2026 | C10: WilmU attendance + grading | D10: Deep work (your choice) | E10: Deep work (your choice) | F10: Review Wk 07: Cellular Respiration / Body Tissues (cont.) / Forensics: Sketching the Scene & Evidence Collection → see Review Links tab | G10: ① Set up labs for Wk 07 ② Grocery / materials list → Lab Materials tab
A11: Wk 07 MP1 | B11: Oct 12 – Oct 16, 2026 ⚠ Fri In-Service 10/16 | C11: WilmU attendance + grading | D11: Deep work (your choice) | E11: Deep work (your choice) | F11: Review Wk 08: Fermentation / Skeletal System / Forensics: History of Forensics → see Review Links tab | G11: OFF — In-Service 10/16
A12: Wk 08 MP1 | B12: Oct 19 – Oct 23, 2026 | C12: WilmU attendance + grading | D12: Deep work (your choice) | E12: Deep work (your choice) | F12: Review Wk 09: Ecological Succession / Skeletal System (cont.) / Forensics: Unit Review & Assessment → see Review Links tab | G12: ① Set up labs for Wk 09 ② Grocery / materials list → Lab Materials tab
A13: Wk 09 MP1 | B13: Oct 26 – Oct 30, 2026 | C13: WilmU attendance + grading | D13: Deep work (your choice) | E13: Deep work (your choice) | F13: Review Wk 10: Population Ecology / Skeletal Lab Practical / Forensics: Mock Crime Scene → see Review Links tab | G13: ① Set up labs for Wk 10 ② Grocery / materials list → Lab Materials tab
A14: Wk 10 MP2 | B14: Nov 02 – Nov 06, 2026 ⚠ Tue Election Day 11/3 | C14: WilmU attendance + grading | D14: OFF — Election Day 11/3 | E14: Deep work (your choice) | F14: Review Wk 11: Intro to Cells / Muscular System / Forensics: Arson → see Review Links tab | G14: ① Set up labs for Wk 11 ② Grocery / materials list → Lab Materials tab
... A43: Wk 38 MP4 | B43: May 31 – Jun 04, 2027 (buffer) | C43: WilmU attendance + grading | D43: Deep work (your choice) | E43: Deep work (your choice) | F43: ① Review (year end) → see Review Links tab ② Grading scans: new Notes + finished Drafts | G43: ① Set up labs for year end ② Grocery / materials list → Lab Materials tab

Sheet Labs by date
A1: Lab Materials by Date — set up on the PRIOR Friday · ⚠ materials inferred from lab names — confirm before ordering
A3: Teach week | B3: Lab day(s) | C3: Prep on (prior Fri) | D3: Course | E3: Lab / activity | F3: Buy — groceries / consumables | G3: Reusable equipment | H3: Confirm?
A4: Wk 03 | B4: Mon/Tue | C4: Fri Sep 11 | D4: Bio | E4: Autotroph vs heterotroph card sort | F4: Cardstock (print sets) | G4: — | H4: ✔ DIY print — no order item
A5: Wk 03 | B5: Tue | C5: Fri Sep 11 | D5: A&P | E5: Gummy Bear Dissection (osmosis) | F5: Gummy bears, table salt | G5: Cups, balances | H5: ✔ on order — gummy bears+salt, cups (Grocery line)
A6: Wk 04 | B6: Thu | C6: Fri Sep 18 | D6: A&P | E6: Viewing Human Cells | F6: Methylene blue, toothpicks (cheek cells) | G6: Microscopes, slides, coverslips | H6: ⚠ ADD methylene blue (not on order); toothpicks ✔
A7: Wk 06 | B7: Wed/Thu | C7: Fri Oct 02 | D7: Bio | E7: Leaf Disc Photosynthesis Lab | F7: Baby spinach, baking soda, dish soap | G7: Syringes (no needle), hole punch, clear cups, lamp | H7: ⚠ ADD syringes (not on order); 🛒 spinach+baking soda; dish soap+cups ✔
A8: Wk 06 | B8: Thu | C8: Fri Oct 02 | D8: A&P | E8: Viewing Skin Cells | F8: — | G8: Prepared skin slides, microscopes | H8: ✔ on order — prepared histology slides
A9: Wk 08 | B9: Wed/Thu | C9: Fri Oct 16 | D9: Bio | E9: Yeast Fermentation Lab (CO₂) | F9: Active dry yeast, sugar, balloons | G9: Plastic bottles, measuring spoons, warm-water bath | H9: ✔ on order — yeast, balloons, water bath, straws; 🛒 sugar
A10: Wk 08 | B10: Thu | C10: Fri Oct 16 | D10: A&P | E10: Bone Fractures with Carrots | F10: Carrots | G10: Trays | H10: ✔ on order — carrots+vinegar, trays
A11: Wk 11 | B11: Thu | C11: Fri Nov 06 | D11: A&P | E11: Chicken Wing Dissection | F11: Raw chicken wings, nitrile gloves | G11: Dissection kits, trays | H11: ✔ on order — chicken wings, trays; confirm glove stock
A12: Wk 12 | B12: Wed/Thu | C12: Fri Nov 13 | D12: Bio | E12: Organelle Stations (plant vs animal) | F12: Cardstock (station cards) | G12: Microscopes (optional) | H12: ✔ DIY print — no order item
A13: Wk 14 | B13: Wed/Thu | C13: Fri Nov 27 | D13: Bio | E13: Membrane Bubble Lab | F13: Dish soap / bubble solution, glycerin | G13: Straws, trays, string | H13: ✔ on order — dish soap, glycerol, straws, string, trays
A14: Wk 15 | B14: Wed/Thu | C14: Fri Dec 04 | D14: Bio | E14: Osmosis Lab (egg / potato) | F14: Raw eggs, potatoes, salt, white vinegar, corn syrup | G14: Beakers/cups, balance | H14: ✔ potato cores, vinegar, salt on order; 🛒 eggs+corn syrup
... A35: Wk 35 | B35: Wed/Thu | C35: Fri May 07 | D35: Bio | E35: Allele-frequency bean simulation | F35: Dried beans / colored chips | G35: Cups | H35: ✔ on order — colored beads, cups

Sheet  Lab Materials by Date
A1: Lab Materials by Date — set up on the PRIOR Friday · ⚠ materials inferred from lab names — confirm before ordering
A3: Teach week | B3: Lab day(s) | C3: Prep on (prior Fri) | D3: Course | E3: Lab / activity | F3: Buy — groceries / consumables | G3: Reusable equipment | H3: Confirm?
A4: Wk 03 | B4: Mon/Tue | C4: Fri Sep 11 | D4: Bio | E4: Autotroph vs heterotroph card sort | F4: Cardstock (print sets) | G4: — | H4: ✔ as-listed
A5: Wk 03 | B5: Tue | C5: Fri Sep 11 | D5: A&P | E5: Gummy Bear Dissection (osmosis) | F5: Gummy bears, table salt | G5: Cups, balances | H5: ✔ as-listed
A6: Wk 04 | B6: Thu | C6: Fri Sep 18 | D6: A&P | E6: Viewing Human Cells | F6: Methylene blue, toothpicks (cheek cells) | G6: Microscopes, slides, coverslips | H6: ⚠ confirm
A7: Wk 06 | B7: Wed/Thu | C7: Fri Oct 02 | D7: Bio | E7: Leaf Disc Photosynthesis Lab | F7: Baby spinach, baking soda, dish soap | G7: Syringes (no needle), hole punch, clear cups, lamp | H7: ✔ as-listed
A8: Wk 06 | B8: Thu | C8: Fri Oct 02 | D8: A&P | E8: Viewing Skin Cells | F8: — | G8: Prepared skin slides, microscopes | H8: ⚠ confirm
A9: Wk 08 | B9: Wed/Thu | C9: Fri Oct 16 | D9: Bio | E9: Yeast Fermentation Lab (CO₂) | F9: Active dry yeast, sugar, balloons | G9: Plastic bottles, measuring spoons, warm-water bath | H9: ✔ as-listed
A10: Wk 08 | B10: Thu | C10: Fri Oct 16 | D10: A&P | E10: Bone Fractures with Carrots | F10: Carrots | G10: Trays | H10: ✔ as-listed
A11: Wk 11 | B11: Thu | C11: Fri Nov 06 | D11: A&P | E11: Chicken Wing Dissection | F11: Raw chicken wings, nitrile gloves | G11: Dissection kits, trays | H11: ✔ as-listed
A12: Wk 12 | B12: Wed/Thu | C12: Fri Nov 13 | D12: Bio | E12: Organelle Stations (plant vs animal) | F12: Cardstock (station cards) | G12: Microscopes (optional) | H12: ⚠ confirm
A13: Wk 14 | B13: Wed/Thu | C13: Fri Nov 27 | D13: Bio | E13: Membrane Bubble Lab | F13: Dish soap / bubble solution, glycerin | G13: Straws, trays, string | H13: ✔ as-listed
A14: Wk 15 | B14: Wed/Thu | C14: Fri Dec 04 | D14: Bio | E14: Osmosis Lab (egg / potato) | F14: Raw eggs, potatoes, salt, white vinegar, corn syrup | G14: Beakers/cups, balance | H14: ✔ as-listed
... A35: Wk 35 | B35: Wed/Thu | C35: Fri May 07 | D35: Bio | E35: Allele-frequency bean simulation | F35: Dried beans / colored chips | G35: Cups | H35: ✔ as-listed

Sheet Cycle Calendar (dated)
A1: Biology — Dated Cycle Calendar (real meetings, resequenced teaching order)
A2: Assumption: Friday A/B parity starts 9/4/26 = 'A' and alternates every calendar Friday regardless of holidays (per your instruction). Mon/Wed meet whenever school is in session. If this parity is off, every date below shifts by one Friday cycle (~2 weeks) from the point of divergence.
A4: Date | B4: Day | C4: Cycle | D4: Cycle Name | E4: Block | F4: Class Phase
A5: Mon 08/31/2026 | B5: Mon | C5: C01 | D5: Course Launch & Lab Safety | E5: 1 of 2 | F5: Class A + notes
A6: Wed 09/02/2026 | B6: Wed | C6: C01 | D6: Course Launch & Lab Safety | E6: 2 of 2 | F6: Class C: draft & apply
A7: Wed 09/09/2026 | B7: Wed | C7: C02 | D7: Ecosystems & Feeding Relationships | E7: 1 of 3 | F7: Class A
A8: Mon 09/14/2026 | B8: Mon | C8: C02 | D8: Ecosystems & Feeding Relationships | E8: 2 of 3 | F8: Class B
A9: Wed 09/16/2026 | B9: Wed | C9: C02 | D9: Ecosystems & Feeding Relationships | E9: 3 of 3 | F9: Class C
A10: Fri 09/18/2026 | B10: Fri | C10: C03 | D10: Energy Flow & Trophic Pyramids | E10: 1 of 3 | F10: Class A
A11: Mon 09/28/2026 | B11: Mon | C11: C03 | D11: Energy Flow & Trophic Pyramids | E11: 2 of 3 | F11: Class B
A12: Wed 09/30/2026 | B12: Wed | C12: C03 | D12: Energy Flow & Trophic Pyramids | E12: 3 of 3 | F12: Class C
A13: Fri 10/02/2026 | B13: Fri | C13: C04 | D13: Cycles of Matter: The Carbon Cycle | E13: 1 of 2 | F13: Class A + notes
A14: Mon 10/05/2026 | B14: Mon | C14: C04 | D14: Cycles of Matter: The Carbon Cycle | E14: 2 of 2 | F14: Class C: draft & apply
A15: Wed 10/07/2026 | B15: Wed | C15: C05 | D15: Photosynthesis | E15: 1 of 4 | F15: Class A
... A65: Fri 04/23/2027 | B65: Fri | C65: C20 | D65: Human Impact (Capstone) | E65: 2 of 2 | F65: Class C: draft & apply
A67: Cycles complete: Fri 04/23/2027
A68: Remaining meetings (through end of year) → review, EOU assessment, buffer.

Sheet Bio as List
A1: Biology — Weekly plan aligned to the 20 concept cycles (shared school weeks · Agenda + Cycle folder linked)
A3: Wk | B3: Dates | C3: Biology topic | D3: 🔄 Cycle · Phase | E3: 📄 Agenda | F3: 🎞 VT | G3: 📁 Week folder | H3: Activity | I3: _start | J3: _agendaURL | K3: _vtURL
A4: Wk 01 | B4: Aug 31 – Sep 02, 2026 | C4: Course Launch & Lab Safety | D4: C01 · Class A–C (full cycle) | E4: =HYPERLINK("https://drive.google.com/file/d/19C4G-zkToJtMA8ZOmQHz1Q28gP7BWxM-UXvyzXs36zI/view","Agenda ↗") -> Agenda ↗ | F4: =HYPERLINK("https://drive.google.com/open?id=14_VhM5bUM9ZZfgs2T0zOnTpr9d-mvbXZzy8m9dSMlys","VT ↗") -> VT ↗ | G4: =HYPERLINK("https://drive.google.com/drive/folders/1Dl_UEI3IaVyiebXUyEZmHNpWExA5H9uT","Cycle folder ↗") -> Cycle folder ↗ | H4: =HYPERLINK("https://drive.google.com/open?id=1JkLPZ10Oj2adeYNlBjexOWYxw99CHc2qlvaXMZR-vUs","Activity ↗") -> Activity ↗ | I4: 46265 | J4: https://drive.google.com/open?id=19C4G-zkToJtMA8ZOmQHz1Q28gP7BWxM-UXvyzXs36zI | K4: https://drive.google.com/open?id=14_VhM5bUM9ZZfgs2T0zOnTpr9d-mvbXZzy8m9dSMlys
A5: Wk 02 | B5: Sep 09 – Sep 16, 2026 | C5: Ecosystems & Feeding Relationships — notes | D5: C02 · Class A / B · build & submit notes | E5: =HYPERLINK("https://drive.google.com/file/d/1WHFEhkitoEoy6rgFFJTFzYXgSkvqHu1gHmbIOuK0tCE/view","Agenda ↗") -> Agenda ↗ | F5: =HYPERLINK("https://drive.google.com/open?id=1oT9xyGf0ga0yoLlq1ot1ZoZnU6S5Nku7LgjKGWuuUns","VT ↗") -> VT ↗ | G5: =HYPERLINK("https://drive.google.com/drive/folders/1D3n02wUGdTlje3GsH52JYRRbNN_KRCYv","Cycle folder ↗") -> Cycle folder ↗ | H5: =HYPERLINK("https://drive.google.com/open?id=1EPohWKBAssCk7ByKRlAamTt1zsao_KNZTD1WiRQck9E","Activity ↗") -> Activity ↗ | I5: 46272 | J5: https://drive.google.com/open?id=1WHFEhkitoEoy6rgFFJTFzYXgSkvqHu1gHmbIOuK0tCE | K5: https://drive.google.com/open?id=1oT9xyGf0ga0yoLlq1ot1ZoZnU6S5Nku7LgjKGWuuUns
A6: Wk 03 | B6: Sep 18 – Sep 30, 2026 | C6: Ecosystems & Feeding Relationships — draft & apply | D6: C02 · Class C · revise draft, then apply | E6: =HYPERLINK("https://drive.google.com/file/d/1WHFEhkitoEoy6rgFFJTFzYXgSkvqHu1gHmbIOuK0tCE/view","Agenda ↗") -> Agenda ↗ | F6: =HYPERLINK("https://drive.google.com/open?id=1oT9xyGf0ga0yoLlq1ot1ZoZnU6S5Nku7LgjKGWuuUns","VT ↗") -> VT ↗ | G6: =HYPERLINK("https://drive.google.com/drive/folders/1D3n02wUGdTlje3GsH52JYRRbNN_KRCYv","Cycle folder ↗") -> Cycle folder ↗ | H6: — | I6: 46279 | J6: https://drive.google.com/open?id=1WHFEhkitoEoy6rgFFJTFzYXgSkvqHu1gHmbIOuK0tCE | K6: https://drive.google.com/open?id=1oT9xyGf0ga0yoLlq1ot1ZoZnU6S5Nku7LgjKGWuuUns
A7: Wk 04 | B7: Oct 02 – Oct 05, 2026 | C7: Energy Flow & Trophic Pyramids — notes | D7: C03 · Class A / B · build & submit notes | E7: =HYPERLINK("https://drive.google.com/file/d/1VUehjZ_oRU3puLU7bz_6ARtT9yeSfI3IX0_UZzRm0mg/view","Agenda ↗") -> Agenda ↗ | F7: =HYPERLINK("https://drive.google.com/open?id=13RT17nQTZhNtQCiOu-cpeBeXrCDc71Zb9lKMc7_Gzjs","VT ↗") -> VT ↗ | G7: =HYPERLINK("https://drive.google.com/drive/folders/1CZGfr19RTWJlHZBvydbMpc3twyDwxAq3","Cycle folder ↗") -> Cycle folder ↗ | H7: — | I7: 46286 | J7: https://drive.google.com/open?id=1VUehjZ_oRU3puLU7bz_6ARtT9yeSfI3IX0_UZzRm0mg | K7: https://drive.google.com/open?id=13RT17nQTZhNtQCiOu-cpeBeXrCDc71Zb9lKMc7_Gzjs
A8: Wk 05 | B8: Oct 07 – Oct 19, 2026 | C8: Energy Flow & Trophic Pyramids — draft & apply | D8: C03 · Class C · revise draft, then apply | E8: =HYPERLINK("https://drive.google.com/file/d/1VUehjZ_oRU3puLU7bz_6ARtT9yeSfI3IX0_UZzRm0mg/view","Agenda ↗") -> Agenda ↗ | F8: =HYPERLINK("https://drive.google.com/open?id=13RT17nQTZhNtQCiOu-cpeBeXrCDc71Zb9lKMc7_Gzjs","VT ↗") -> VT ↗ | G8: =HYPERLINK("https://drive.google.com/drive/folders/1CZGfr19RTWJlHZBvydbMpc3twyDwxAq3","Cycle folder ↗") -> Cycle folder ↗ | H8: — | I8: 46293 | J8: https://drive.google.com/open?id=1VUehjZ_oRU3puLU7bz_6ARtT9yeSfI3IX0_UZzRm0mg | K8: https://drive.google.com/open?id=13RT17nQTZhNtQCiOu-cpeBeXrCDc71Zb9lKMc7_Gzjs
A9: Wk 06 | B9: Oct 21 – Oct 28, 2026 | C9: Cycles of Matter: The Carbon Cycle | D9: C04 · Class A–C (full cycle) | E9: =HYPERLINK("https://drive.google.com/file/d/1kv7vHyeXAx4M35t21H5sZqMFhfrlWrSsllZ7IMjlG20/view","Agenda ↗") -> Agenda ↗ | F9: =HYPERLINK("https://drive.google.com/open?id=1dRdAXmX9u2L-0qKLeW-o9OwoMaaJsik74C9nhysu_GY","VT ↗") -> VT ↗ | G9: =HYPERLINK("https://drive.google.com/drive/folders/1_7LjuC8A4GmfR9bNk_4h8Fcvgc1uONsR","Cycle folder ↗") -> Cycle folder ↗ | H9: — | I9: 46300 | J9: https://drive.google.com/open?id=1kv7vHyeXAx4M35t21H5sZqMFhfrlWrSsllZ7IMjlG20 | K9: https://drive.google.com/open?id=1dRdAXmX9u2L-0qKLeW-o9OwoMaaJsik74C9nhysu_GY
A10: Wk 07 | B10: Oct 30 – Nov 04, 2026 | C10: Photosynthesis — notes | D10: C05 · Class A / B · build & submit notes | E10: =HYPERLINK("https://drive.google.com/file/d/1a5x0ws-fkIj4tXwPXk69vqSaQXz0lspZZ7ij3huMJfE/view","Agenda ↗") -> Agenda ↗ | F10: =HYPERLINK("https://drive.google.com/open?id=1ZYpT5wS9zPXkcVCwfp6oC6M8WE1yCzVtjEqpw7OlnF8","VT ↗") -> VT ↗ | G10: =HYPERLINK("https://drive.google.com/drive/folders/11BNokJq2E4wFOfR2-uTrHxNZ8iO6C3pb","Cycle folder ↗") -> Cycle folder ↗ | H10: =HYPERLINK("https://drive.google.com/open?id=1wXLSRSOwW8J1j2rov62vpsKpnIYsWZh_fzlOHngUTEg","Activity ↗") -> Activity ↗ | I10: 46307 | J10: https://drive.google.com/open?id=1a5x0ws-fkIj4tXwPXk69vqSaQXz0lspZZ7ij3huMJfE | K10: https://drive.google.com/open?id=1ZYpT5wS9zPXkcVCwfp6oC6M8WE1yCzVtjEqpw7OlnF8
A11: Wk 08 | B11: Nov 09 – Nov 18, 2026 | C11: Photosynthesis — draft & apply | D11: C05 · Class C · revise draft, then apply | E11: =HYPERLINK("https://drive.google.com/file/d/1a5x0ws-fkIj4tXwPXk69vqSaQXz0lspZZ7ij3huMJfE/view","Agenda ↗") -> Agenda ↗ | F11: =HYPERLINK("https://drive.google.com/open?id=1ZYpT5wS9zPXkcVCwfp6oC6M8WE1yCzVtjEqpw7OlnF8","VT ↗") -> VT ↗ | G11: =HYPERLINK("https://drive.google.com/drive/folders/11BNokJq2E4wFOfR2-uTrHxNZ8iO6C3pb","Cycle folder ↗") -> Cycle folder ↗ | H11: =HYPERLINK("https://drive.google.com/open?id=1wXLSRSOwW8J1j2rov62vpsKpnIYsWZh_fzlOHngUTEg","Activity ↗") -> Activity ↗ | I11: 46314 | J11: https://drive.google.com/open?id=1a5x0ws-fkIj4tXwPXk69vqSaQXz0lspZZ7ij3huMJfE | K11: https://drive.google.com/open?id=1ZYpT5wS9zPXkcVCwfp6oC6M8WE1yCzVtjEqpw7OlnF8
A12: Wk 09 | B12: Nov 30 – Dec 07, 2026 | C12: Cellular Respiration & Fermentation — notes | D12: C06 · Class A / B · build & submit notes | E12: =HYPERLINK("https://drive.google.com/file/d/1sjLRPi3CFP4sSJbhCTB89jp_DEwCWN4chE_s38WOsa0/view","Agenda ↗") -> Agenda ↗ | F12: =HYPERLINK("https://drive.google.com/open?id=10H4lgRBHqvSIOA_xWwXzxFA-un-UPfImGYr0IzZqEqY","VT ↗") -> VT ↗ | G12: =HYPERLINK("https://drive.google.com/drive/folders/1BnHejNBE_rJiRkDlK-VrlYY78sTLEhBe","Cycle folder ↗") -> Cycle folder ↗ | H12: — | I12: 46321 | J12: https://drive.google.com/open?id=1sjLRPi3CFP4sSJbhCTB89jp_DEwCWN4chE_s38WOsa0 | K12: https://drive.google.com/open?id=10H4lgRBHqvSIOA_xWwXzxFA-un-UPfImGYr0IzZqEqY
A13: Wk 10 | B13: Dec 09 – Dec 14, 2026 | C13: Cellular Respiration & Fermentation — draft & apply | D13: C06 · Class C · revise draft, then apply | E13: =HYPERLINK("https://drive.google.com/file/d/1sjLRPi3CFP4sSJbhCTB89jp_DEwCWN4chE_s38WOsa0/view","Agenda ↗") -> Agenda ↗ | F13: =HYPERLINK("https://drive.google.com/open?id=1EKjFh0ZgeOjEwatzXTbmNXcIXvx6UzP53KkTttmj_Yw","VT ↗") -> VT ↗ | G13: =HYPERLINK("https://drive.google.com/drive/folders/1BnHejNBE_rJiRkDlK-VrlYY78sTLEhBe","Cycle folder ↗") -> Cycle folder ↗ | H13: =HYPERLINK("https://drive.google.com/open?id=1zh2krtTLVvESZ2SKyxb89oiVA_R1Wr0vYdzLcWpGm3k","Activity ↗") -> Activity ↗ | I13: 46328 | J13: https://drive.google.com/open?id=1sjLRPi3CFP4sSJbhCTB89jp_DEwCWN4chE_s38WOsa0 | K13: https://drive.google.com/open?id=1EKjFh0ZgeOjEwatzXTbmNXcIXvx6UzP53KkTttmj_Yw
A14: Wk 11 | B14: Dec 16 – Jan 04, 2027 | C14: Ecosystem Dynamics: Populations & Succession — notes | D14: C07 · Class A / B · build & submit notes | E14: =HYPERLINK("https://drive.google.com/file/d/17AH3RIWSm3EzoYOvMpOn8MIOIcYIVcKq0rr5zWmm7uM/view","Agenda ↗") -> Agenda ↗ | F14: =HYPERLINK("https://drive.google.com/open?id=1nl_G0kH65BVa0Jnni0NKn32Y6EjgKXQkYaJA9vpugQM","VT ↗") -> VT ↗ | G14: =HYPERLINK("https://drive.google.com/drive/folders/18rj5qQxduYLHo1zZ5VLm_JrCjS4Oj2UO","Cycle folder ↗") -> Cycle folder ↗ | H14: =HYPERLINK("https://drive.google.com/open?id=1cPjJwzpxRkzVYVefdCwra0tNrImF8XXKEKxQB_RF_ZI","Activity ↗") -> Activity ↗ | I14: 46335 | J14: https://drive.google.com/open?id=17AH3RIWSm3EzoYOvMpOn8MIOIcYIVcKq0rr5zWmm7uM | K14: https://drive.google.com/open?id=1nl_G0kH65BVa0Jnni0NKn32Y6EjgKXQkYaJA9vpugQM
A15: Wk 12 | B15: Jan 06 – Jan 15, 2027 | C15: Ecosystem Dynamics: Populations & Succession — draft & apply | D15: C07 · Class C · revise draft, then apply | E15: =HYPERLINK("https://drive.google.com/file/d/17AH3RIWSm3EzoYOvMpOn8MIOIcYIVcKq0rr5zWmm7uM/view","Agenda ↗") -> Agenda ↗ | F15: =HYPERLINK("https://drive.google.com/open?id=1JhfjicmaKUwJpG6_yzfPZkQ63XvgJ92Nhkm0eZV9dpU","VT ↗") -> VT ↗ | G15: =HYPERLINK("https://drive.google.com/drive/folders/18rj5qQxduYLHo1zZ5VLm_JrCjS4Oj2UO","Cycle folder ↗") -> Cycle folder ↗ | H15: =HYPERLINK("https://drive.google.com/open?id=1Ljc1c-ndBfv_UvjrMUwZxs6Ayb7Ps8j-xWeL7whPFek","Activity ↗") -> Activity ↗ | I15: 46342 | J15: https://drive.google.com/open?id=17AH3RIWSm3EzoYOvMpOn8MIOIcYIVcKq0rr5zWmm7uM | K15: https://drive.google.com/open?id=1JhfjicmaKUwJpG6_yzfPZkQ63XvgJ92Nhkm0eZV9dpU
A16: Wk 14 | B16: Feb 08 – Feb 12, 2027 | C16: Cells & Organelles — notes | D16: C08 · Class A / B · build & submit notes | E16: =HYPERLINK("https://drive.google.com/file/d/1ZDer-NNBybpTys9yv4pyWcBJvUkjX5aHInwNBLlk4_Q/view","Agenda ↗") -> Agenda ↗ | F16: =HYPERLINK("https://drive.google.com/open?id=1t2u0qW5gt80928aNaHM-wRVRMUVHGEvOz8Zd0-1XXyg","VT ↗") -> VT ↗ | G16: =HYPERLINK("https://drive.google.com/drive/folders/1ozCBpU95YpTaRSw14x4-u4Nlmci2ZTAq","Cycle folder ↗") -> Cycle folder ↗ | H16: =HYPERLINK("https://drive.google.com/open?id=1umkUf6d7O61dhzc-H80j20ZJlWp8A_5e7pIqNAGFF0M","Activity ↗") -> Activity ↗ | I16: 46356 | J16: https://drive.google.com/open?id=1ZDer-NNBybpTys9yv4pyWcBJvUkjX5aHInwNBLlk4_Q | K16: https://drive.google.com/open?id=1t2u0qW5gt80928aNaHM-wRVRMUVHGEvOz8Zd0-1XXyg
A17: Wk 15 | B17: Feb 24 – Mar 01, 2027 | C17: Cells & Organelles — draft & apply | D17: C08 · Class C · revise draft, then apply | E17: =HYPERLINK("https://drive.google.com/file/d/1ZDer-NNBybpTys9yv4pyWcBJvUkjX5aHInwNBLlk4_Q/view","Agenda ↗") -> Agenda ↗ | F17: =HYPERLINK("https://drive.google.com/open?id=1fAWSMozNnZVJFGxTpSQKwBjU4gLfeWVzrazH-AiaRhU","VT ↗") -> VT ↗ | G17: =HYPERLINK("https://drive.google.com/drive/folders/1ozCBpU95YpTaRSw14x4-u4Nlmci2ZTAq","Cycle folder ↗") -> Cycle folder ↗ | H17: =HYPERLINK("https://drive.google.com/open?id=1yMU9TraFkczXCz7Oe8rZd-vu-BbPJgk3STuhR9TAsG0","Activity ↗") -> Activity ↗ | I17: 46363 | J17: https://drive.google.com/open?id=1ZDer-NNBybpTys9yv4pyWcBJvUkjX5aHInwNBLlk4_Q | K17: https://drive.google.com/open?id=1fAWSMozNnZVJFGxTpSQKwBjU4gLfeWVzrazH-AiaRhU
A18: Wk 16 | B18: Mar 03 – Mar 12, 2027 | C18: Cell Membrane & Transport — notes | D18: C09 · Class A / B · build & submit notes | E18: =HYPERLINK("https://drive.google.com/file/d/1B6J_CZsSg_kGxWPBv0ackRr_pRtuM8ZWZEAn01LgcGo/view","Agenda ↗") -> Agenda ↗ | F18: =HYPERLINK("https://drive.google.com/open?id=13U2xS0vaVMnfyzztt2tRYZAJs7jtuOIlPRDT0qUkhMk","VT ↗") -> VT ↗ | G18: =HYPERLINK("https://drive.google.com/drive/folders/1BsqqCAa467Hs8Rkaenoa1z7kZT84_1Mo","Cycle folder ↗") -> Cycle folder ↗ | H18: =HYPERLINK("https://drive.google.com/open?id=1j_8dNqg0LQiCos8keTPxSLn425PGWe8xf3vXMUjbl-s","Activity ↗") -> Activity ↗ | I18: 46370 | J18: https://drive.google.com/open?id=1B6J_CZsSg_kGxWPBv0ackRr_pRtuM8ZWZEAn01LgcGo | K18: https://drive.google.com/open?id=13U2xS0vaVMnfyzztt2tRYZAJs7jtuOIlPRDT0qUkhMk
A19: Wk 17 | B19: Mar 15 – Mar 22, 2027 | C19: Cell Membrane & Transport — draft & apply | D19: C09 · Class C · revise draft, then apply | E19: =HYPERLINK("https://drive.google.com/file/d/1B6J_CZsSg_kGxWPBv0ackRr_pRtuM8ZWZEAn01LgcGo/view","Agenda ↗") -> Agenda ↗ | F19: =HYPERLINK("https://drive.google.com/open?id=1XZ7F-K9hq1xt65xCHe8WhTxPnnUw2HMrTrT7AJmt2Eo","VT ↗") -> VT ↗ | G19: =HYPERLINK("https://drive.google.com/drive/folders/1BsqqCAa467Hs8Rkaenoa1z7kZT84_1Mo","Cycle folder ↗") -> Cycle folder ↗ | H19: =HYPERLINK("https://drive.google.com/open?id=1xrShBKCfYMbLjhvZHTDjeyOoQ-4EhXOOkMp0r28LrMg","Activity ↗") -> Activity ↗ | I19: 46391 | J19: https://drive.google.com/open?id=1B6J_CZsSg_kGxWPBv0ackRr_pRtuM8ZWZEAn01LgcGo | K19: https://drive.google.com/open?id=1XZ7F-K9hq1xt65xCHe8WhTxPnnUw2HMrTrT7AJmt2Eo
A20: Wk 18 | B20: Mar 24 – Apr 09, 2027 | C20: Enzymes | D20: C10 · Class A–C (full cycle) | E20: =HYPERLINK("https://drive.google.com/file/d/1FGOdhMsI4NVsEZq3BtaIVAZVfZxHTGBh9KCzujPKG10/view","Agenda ↗") -> Agenda ↗ | F20: =HYPERLINK("https://drive.google.com/open?id=1o7i1kSvXEbRvkCXl4oTp8YKPFVwgIdi46K2SmQSdksM","VT ↗") -> VT ↗ | G20: =HYPERLINK("https://drive.google.com/drive/folders/1lSREsE87lV-dqy8foAktSXf-uHABeqsN","Cycle folder ↗") -> Cycle folder ↗ | H20: =HYPERLINK("https://drive.google.com/open?id=1mZKK956c7thxvPdgKfCDtuq7Q3qNpA2F5wmtXn81goU","Activity ↗") -> Activity ↗ | I20: 46398 | J20: https://drive.google.com/open?id=1FGOdhMsI4NVsEZq3BtaIVAZVfZxHTGBh9KCzujPKG10 | K20: https://drive.google.com/open?id=1o7i1kSvXEbRvkCXl4oTp8YKPFVwgIdi46K2SmQSdksM
A21: Wk 19 | B21: Apr 12 – Apr 19, 2027 | C21: The Cell Cycle → Cancer — notes | D21: C11 · Class A / B · build & submit notes | E21: =HYPERLINK("https://drive.google.com/file/d/1DxNiLE0NwYqtK2n24quY57JOrC9Z0cwpSDxGoyTL6wQ/view","Agenda ↗") -> Agenda ↗ | F21: =HYPERLINK("https://drive.google.com/open?id=1jSojIg32NnqwkcAZAjQRNF232pqyJHszIzl27Zj7Ik0","VT ↗") -> VT ↗ | G21: =HYPERLINK("https://drive.google.com/drive/folders/1LltOdMoB_7F9KQC1rDgjQg77S8sVvkf3","Cycle folder ↗") -> Cycle folder ↗ | H21: =HYPERLINK("https://drive.google.com/open?id=1cO2-nhnnxJpRiOE_0ZXGPdcCrbORi77vLg0M1W0hQvo","Activity ↗") -> Activity ↗ | I21: 46405 | J21: https://drive.google.com/open?id=1DxNiLE0NwYqtK2n24quY57JOrC9Z0cwpSDxGoyTL6wQ | K21: https://drive.google.com/open?id=1jSojIg32NnqwkcAZAjQRNF232pqyJHszIzl27Zj7Ik0
A22: Wk 20 | B22: Apr 21 – Apr 23, 2027 | C22: The Cell Cycle → Cancer — draft & apply | D22: C11 · Class C · revise draft, then apply | E22: =HYPERLINK("https://drive.google.com/file/d/1DxNiLE0NwYqtK2n24quY57JOrC9Z0cwpSDxGoyTL6wQ/view","Agenda ↗") -> Agenda ↗ | F22: =HYPERLINK("https://drive.google.com/open?id=13yF57Wh7rYtp1jS1JJXTQUAlBVoEF6UFDRf-w72HuZk","VT ↗") -> VT ↗ | G22: =HYPERLINK("https://drive.google.com/drive/folders/1LltOdMoB_7F9KQC1rDgjQg77S8sVvkf3","Cycle folder ↗") -> Cycle folder ↗ | H22: =HYPERLINK("https://drive.google.com/open?id=1q3-M9eneUPXG5EdXmuuvkiUraHv_9JnsWQu4DdzFstk","Activity ↗") -> Activity ↗ | I22: 46412 | J22: https://drive.google.com/open?id=1DxNiLE0NwYqtK2n24quY57JOrC9Z0cwpSDxGoyTL6wQ | K22: https://drive.google.com/open?id=13yF57Wh7rYtp1jS1JJXTQUAlBVoEF6UFDRf-w72HuZk
A23: Wk 21 | B23: Feb 01 – Feb 05, 2027 | C23: Reproduction & Meiosis — notes | D23: C12 · Class A / B · build & submit notes | E23: =HYPERLINK("https://drive.google.com/file/d/1TQLmBImkCaWUft2Z-IXFnFr39Jc_c25QhA2kcseRF_0/view","Agenda ↗") -> Agenda ↗ | F23: =HYPERLINK("https://drive.google.com/open?id=1WqWEf3h4WR1ag4k_ePbLeONKVg3o5sArh614Ceqb8LY","VT ↗") -> VT ↗ | G23: =HYPERLINK("https://drive.google.com/drive/folders/1XOyYlAk2a5yJkWksIPv6bAtdB5l84Bis","Cycle folder ↗") -> Cycle folder ↗ | H23: =HYPERLINK("https://drive.google.com/open?id=1v0Lat41cKOjSrg6gkGNiYGkVLYWvKWId92lCNL89pmc","Activity ↗") -> Activity ↗ | I23: 46419 | J23: https://drive.google.com/open?id=1TQLmBImkCaWUft2Z-IXFnFr39Jc_c25QhA2kcseRF_0 | K23: https://drive.google.com/open?id=1WqWEf3h4WR1ag4k_ePbLeONKVg3o5sArh614Ceqb8LY
A24: Wk 22 | B24: Feb 08 – Feb 12, 2027 | C24: Reproduction & Meiosis — draft & apply | D24: C12 · Class C · revise draft, then apply | E24: =HYPERLINK("https://drive.google.com/file/d/1TQLmBImkCaWUft2Z-IXFnFr39Jc_c25QhA2kcseRF_0/view","Agenda ↗") -> Agenda ↗ | F24: =HYPERLINK("https://drive.google.com/open?id=1VbPTKFJUt5S2Jzqxdm2gGEkH3NbRZh3jkaftCNU1kqE","VT ↗") -> VT ↗ | G24: =HYPERLINK("https://drive.google.com/drive/folders/1XOyYlAk2a5yJkWksIPv6bAtdB5l84Bis","Cycle folder ↗") -> Cycle folder ↗ | H24: =HYPERLINK("https://drive.google.com/open?id=1LrptvlpVmIA3zjBg52Erl6J9BxIuDZYkou4pTBHj9gM","Activity ↗") -> Activity ↗ | I24: 46426 | J24: https://drive.google.com/open?id=1TQLmBImkCaWUft2Z-IXFnFr39Jc_c25QhA2kcseRF_0 | K24: https://drive.google.com/open?id=1VbPTKFJUt5S2Jzqxdm2gGEkH3NbRZh3jkaftCNU1kqE
A25: Wk 23 | B25: Feb 15 – Feb 19, 2027 | C25: Mendelian Genetics — notes | D25: C13 · Class A / B · build & submit notes | E25: =HYPERLINK("https://drive.google.com/file/d/1A8m4iIEG7aAdmy6wBt1CGx8j5PZE5Q_Brt8ckA4OUH4/view","Agenda ↗") -> Agenda ↗ | F25: =HYPERLINK("https://drive.google.com/open?id=1e5gJLFa5HQRCqOCYo4BXfZE_SkKWT9Uzou4FjrcAUkI","VT ↗") -> VT ↗ | G25: =HYPERLINK("https://drive.google.com/drive/folders/19wtWM4tfDvTtnHuNHGL0aHwrmZFHpSO8","Cycle folder ↗") -> Cycle folder ↗ | H25: =HYPERLINK("https://drive.google.com/open?id=1QjZG_B4p4IQwyIzbZTXntyDllAEP_nFfVMSDyg0PsGU","Activity ↗") -> Activity ↗ | I25: 46433 | J25: https://drive.google.com/open?id=1A8m4iIEG7aAdmy6wBt1CGx8j5PZE5Q_Brt8ckA4OUH4 | K25: https://drive.google.com/open?id=1e5gJLFa5HQRCqOCYo4BXfZE_SkKWT9Uzou4FjrcAUkI
A26: Wk 24 | B26: Feb 22 – Feb 26, 2027 | C26: Mendelian Genetics — draft & apply | D26: C13 · Class C · revise draft, then apply | E26: =HYPERLINK("https://drive.google.com/file/d/1A8m4iIEG7aAdmy6wBt1CGx8j5PZE5Q_Brt8ckA4OUH4/view","Agenda ↗") -> Agenda ↗ | F26: =HYPERLINK("https://drive.google.com/open?id=1CbRG_vbveTL9PvOUKFggJq11rXKrT81464_-Bc0V4Dk","VT ↗") -> VT ↗ | G26: =HYPERLINK("https://drive.google.com/drive/folders/19wtWM4tfDvTtnHuNHGL0aHwrmZFHpSO8","Cycle folder ↗") -> Cycle folder ↗ | H26: =HYPERLINK("https://drive.google.com/open?id=1lE6XrfKvRppdf-0gqDXlYCKZt3kLIsG5EHaK8UO5398","Activity ↗") -> Activity ↗ | I26: 46440 | J26: https://drive.google.com/open?id=1A8m4iIEG7aAdmy6wBt1CGx8j5PZE5Q_Brt8ckA4OUH4 | K26: https://drive.google.com/open?id=1CbRG_vbveTL9PvOUKFggJq11rXKrT81464_-Bc0V4Dk
A27: Wk 25 | B27: Mar 01 – Mar 05, 2027 | C27: DNA Structure & Replication — notes | D27: C14 · Class A / B · build & submit notes | E27: =HYPERLINK("https://drive.google.com/file/d/1igjU4S8mwPsxaFXQNFRaa7zINv-mOXdbr65KBYWl5cw/view","Agenda ↗") -> Agenda ↗ | F27: =HYPERLINK("https://drive.google.com/open?id=1qbtarmHNV3mZPxeGYiL6Q95Bz6TdBilEVo3LI3Pc1hE","VT ↗") -> VT ↗ | G27: =HYPERLINK("https://drive.google.com/drive/folders/1flXCm6TJKiaenHyVoyBmZVbLHlZDRvNn","Cycle folder ↗") -> Cycle folder ↗ | H27: =HYPERLINK("https://drive.google.com/open?id=13KsLi7ncyMF0_rOoAGK5bgWHHaE5QWWJyN5PuQJAm5I","Activity ↗") -> Activity ↗ | I27: 46447 | J27: https://drive.google.com/open?id=1igjU4S8mwPsxaFXQNFRaa7zINv-mOXdbr65KBYWl5cw | K27: https://drive.google.com/open?id=1qbtarmHNV3mZPxeGYiL6Q95Bz6TdBilEVo3LI3Pc1hE
A28: Wk 26 | B28: Mar 08 – Mar 12, 2027 | C28: DNA Structure & Replication — draft & apply | D28: C14 · Class C · revise draft, then apply | E28: =HYPERLINK("https://drive.google.com/file/d/1igjU4S8mwPsxaFXQNFRaa7zINv-mOXdbr65KBYWl5cw/view","Agenda ↗") -> Agenda ↗ | F28: =HYPERLINK("https://drive.google.com/open?id=1MMFd6ETm_DZdRvKSaCyLIpf0CSe2CEAWqNK8hF2qrzg","VT ↗") -> VT ↗ | G28: =HYPERLINK("https://drive.google.com/drive/folders/1flXCm6TJKiaenHyVoyBmZVbLHlZDRvNn","Cycle folder ↗") -> Cycle folder ↗ | H28: =HYPERLINK("https://drive.google.com/open?id=1uDUphGPphtqcIG_in1NWSl26LS8JuDXmbBmMljB0GQo","Activity ↗") -> Activity ↗ | I28: 46454 | J28: https://drive.google.com/open?id=1igjU4S8mwPsxaFXQNFRaa7zINv-mOXdbr65KBYWl5cw | K28: https://drive.google.com/open?id=1MMFd6ETm_DZdRvKSaCyLIpf0CSe2CEAWqNK8hF2qrzg
A29: Wk 27 | B29: Mar 15 – Mar 19, 2027 | C29: Protein Synthesis (Central Dogma) — notes | D29: C15 · Class A / B · build & submit notes | E29: =HYPERLINK("https://drive.google.com/file/d/1XvQxW4sP6X7lXcA5WDjbN9io6X85Kts7PmDtnHY1sMc/view","Agenda ↗") -> Agenda ↗ | F29: =HYPERLINK("https://drive.google.com/open?id=1sjUJpmMkOTl7pRpFI7pL67SZiArG5p_438hIVKHYDog","VT ↗") -> VT ↗ | G29: =HYPERLINK("https://drive.google.com/drive/folders/1RKFet7ov0Pfu6kbG1mDfnQKWzGpFHJXA","Cycle folder ↗") -> Cycle folder ↗ | H29: =HYPERLINK("https://drive.google.com/open?id=1xzzgjy4xq24E3GIncn2s52ZuFndVGudXCuHCd-E7wdk","Activity ↗") -> Activity ↗ | I29: 46461 | J29: https://drive.google.com/open?id=1XvQxW4sP6X7lXcA5WDjbN9io6X85Kts7PmDtnHY1sMc | K29: https://drive.google.com/open?id=1sjUJpmMkOTl7pRpFI7pL67SZiArG5p_438hIVKHYDog
A30: Wk 29 | B30: Mar 29 – Apr 02, 2027 | C30: Protein Synthesis (Central Dogma) — draft & apply | D30: C15 · Class C · revise draft, then apply | E30: =HYPERLINK("https://drive.google.com/file/d/1XvQxW4sP6X7lXcA5WDjbN9io6X85Kts7PmDtnHY1sMc/view","Agenda ↗") -> Agenda ↗ | F30: =HYPERLINK("https://drive.google.com/open?id=1sznscnWQNg9TNdged_tspUHQJSxQdxmqkG9b-patu0s","VT ↗") -> VT ↗ | G30: =HYPERLINK("https://drive.google.com/drive/folders/1RKFet7ov0Pfu6kbG1mDfnQKWzGpFHJXA","Cycle folder ↗") -> Cycle folder ↗ | H30: =HYPERLINK("https://drive.google.com/open?id=1---i0l_PDBFhK2Jq3o6pzXWvgoy2ppKl-mxfDZDMAJE","Activity ↗") -> Activity ↗ | I30: 46475 | J30: https://drive.google.com/open?id=1XvQxW4sP6X7lXcA5WDjbN9io6X85Kts7PmDtnHY1sMc | K30: https://drive.google.com/open?id=1sznscnWQNg9TNdged_tspUHQJSxQdxmqkG9b-patu0s
A31: Wk 30 | B31: Apr 05 – Apr 09, 2027 | C31: Mutations & Gene Expression — notes | D31: C16 · Class A / B · build & submit notes | E31: =HYPERLINK("https://drive.google.com/file/d/1nosImrgfj6M33rqNoPWdwRnjLoxIpkCgcJW5T5ao69A/view","Agenda ↗") -> Agenda ↗ | F31: =HYPERLINK("https://drive.google.com/open?id=1M4jnuaa2B9YKFKziLYkDIfvpLMBWhqCA7lAzhj2Is98","VT ↗") -> VT ↗ | G31: =HYPERLINK("https://drive.google.com/drive/folders/1QUooI_qUo2iLDJCr5gaBdQBc0QHPzxgx","Cycle folder ↗") -> Cycle folder ↗ | H31: =HYPERLINK("https://drive.google.com/open?id=1gaMkKCX4m_K2TxzvCZCMkotp1807VuOsaoYdDnM2fGg","Activity ↗") -> Activity ↗ | I31: 46482 | J31: https://drive.google.com/open?id=1nosImrgfj6M33rqNoPWdwRnjLoxIpkCgcJW5T5ao69A | K31: https://drive.google.com/open?id=1M4jnuaa2B9YKFKziLYkDIfvpLMBWhqCA7lAzhj2Is98
A32: Wk 31 | B32: Apr 12 – Apr 16, 2027 | C32: Mutations & Gene Expression — draft & apply | D32: C16 · Class C · revise draft, then apply | E32: =HYPERLINK("https://drive.google.com/file/d/1nosImrgfj6M33rqNoPWdwRnjLoxIpkCgcJW5T5ao69A/view","Agenda ↗") -> Agenda ↗ | F32: =HYPERLINK("https://drive.google.com/open?id=1gKBIQC0lyCG7SPhdZtg6WnAdkWjj8Eg11oGyfHHOV7s","VT ↗") -> VT ↗ | G32: =HYPERLINK("https://drive.google.com/drive/folders/1QUooI_qUo2iLDJCr5gaBdQBc0QHPzxgx","Cycle folder ↗") -> Cycle folder ↗ | H32: =HYPERLINK("https://drive.google.com/open?id=1Dn-2Ea65XSQ66HYPjA2n6WNc56SuZaV-ImC2dXP8WD4","Activity ↗") -> Activity ↗ | I32: 46489 | J32: https://drive.google.com/open?id=1nosImrgfj6M33rqNoPWdwRnjLoxIpkCgcJW5T5ao69A | K32: https://drive.google.com/open?id=1gKBIQC0lyCG7SPhdZtg6WnAdkWjj8Eg11oGyfHHOV7s
A33: Wk 32 | B33: Apr 19 – Apr 23, 2027 | C33: Darwin & Evidence of Evolution — notes | D33: C17 · Class A / B · build & submit notes | E33: =HYPERLINK("https://drive.google.com/file/d/1rQQ6GEaWQOcUQNaKZNX3nH3DvPJ8IEHP7oSAhQMUhhs/view","Agenda ↗") -> Agenda ↗ | F33: =HYPERLINK("https://drive.google.com/open?id=1Xm_eEma4ZM08PUhv19fV5A9nRh2Fr6LJs_Cuu7bfhWU","VT ↗") -> VT ↗ | G33: =HYPERLINK("https://drive.google.com/drive/folders/1QBPOrHc-QBvmh2X03M1aym6ZMGRffNMu","Cycle folder ↗") -> Cycle folder ↗ | H33: =HYPERLINK("https://drive.google.com/open?id=1LxSQqyFN8dYPClZf3IdH_sq5NJhJnoe3xuP0WXRKQdU","Activity ↗") -> Activity ↗ | I33: 46496 | J33: https://drive.google.com/open?id=1rQQ6GEaWQOcUQNaKZNX3nH3DvPJ8IEHP7oSAhQMUhhs | K33: https://drive.google.com/open?id=1Xm_eEma4ZM08PUhv19fV5A9nRh2Fr6LJs_Cuu7bfhWU
A34: Wk 33 | B34: Apr 26 – Apr 30, 2027 | C34: Darwin & Evidence of Evolution — draft & apply | D34: C17 · Class C · revise draft, then apply | E34: =HYPERLINK("https://drive.google.com/file/d/1rQQ6GEaWQOcUQNaKZNX3nH3DvPJ8IEHP7oSAhQMUhhs/view","Agenda ↗") -> Agenda ↗ | F34: =HYPERLINK("https://drive.google.com/open?id=1nOmkJjqw2hPTb_4TQplvWtt8kbMPFtQvlgJ-ej0p-lI","VT ↗") -> VT ↗ | G34: =HYPERLINK("https://drive.google.com/drive/folders/1QBPOrHc-QBvmh2X03M1aym6ZMGRffNMu","Cycle folder ↗") -> Cycle folder ↗ | H34: =HYPERLINK("https://drive.google.com/open?id=1WCavjvfvGCMWJbG8EhQuNe-zT5rTgT__8Vbtm9wZ7BA","Activity ↗") -> Activity ↗ | I34: 46503 | J34: https://drive.google.com/open?id=1rQQ6GEaWQOcUQNaKZNX3nH3DvPJ8IEHP7oSAhQMUhhs | K34: https://drive.google.com/open?id=1nOmkJjqw2hPTb_4TQplvWtt8kbMPFtQvlgJ-ej0p-lI
A35: Wk 34 | B35: May 03 – May 07, 2027 | C35: Natural Selection & Adaptation — notes | D35: C18 · Class A / B · build & submit notes | E35: =HYPERLINK("https://drive.google.com/file/d/1XeoOfW9gcwd6SwFoupHGYRT_ULGAySQs_zBsrvaqw1s/view","Agenda ↗") -> Agenda ↗ | F35: =HYPERLINK("https://drive.google.com/open?id=1dOCoNeD99kcN9U89FfNee3KKkJw-8bJsxXE9HGQkgl4","VT ↗") -> VT ↗ | G35: =HYPERLINK("https://drive.google.com/drive/folders/12t7-0OW0SE2_4ubuFJHucyIkqjet2Naq","Cycle folder ↗") -> Cycle folder ↗ | H35: =HYPERLINK("https://drive.google.com/open?id=1RHxZ4VgpmwJ4YUKcZ41qbDr3JmhDuiSaUYsjXXffXUc","Activity ↗") -> Activity ↗ | I35: 46510 | J35: https://drive.google.com/open?id=1XeoOfW9gcwd6SwFoupHGYRT_ULGAySQs_zBsrvaqw1s | K35: https://drive.google.com/open?id=1dOCoNeD99kcN9U89FfNee3KKkJw-8bJsxXE9HGQkgl4
A36: Wk 35 | B36: May 10 – May 14, 2027 | C36: Natural Selection & Adaptation — draft & apply | D36: C18 · Class C · revise draft, then apply | E36: =HYPERLINK("https://drive.google.com/file/d/1XeoOfW9gcwd6SwFoupHGYRT_ULGAySQs_zBsrvaqw1s/view","Agenda ↗") -> Agenda ↗ | F36: =HYPERLINK("https://drive.google.com/open?id=1iuXuQjwDVcn7V_IpHwsvVA4hOsiOtg5i4I6gXypIiGg","VT ↗") -> VT ↗ | G36: =HYPERLINK("https://drive.google.com/drive/folders/12t7-0OW0SE2_4ubuFJHucyIkqjet2Naq","Cycle folder ↗") -> Cycle folder ↗ | H36: =HYPERLINK("https://drive.google.com/open?id=1m0kE8XFA4joZID2Jo_SIUnwCukPO1ACGbL5_qUxHbm0","Activity ↗") -> Activity ↗ | I36: 46517 | J36: https://drive.google.com/open?id=1XeoOfW9gcwd6SwFoupHGYRT_ULGAySQs_zBsrvaqw1s | K36: https://drive.google.com/open?id=1iuXuQjwDVcn7V_IpHwsvVA4hOsiOtg5i4I6gXypIiGg
A37: Wk 36 | B37: May 17 – May 21, 2027 | C37: Speciation & Biodiversity — notes | D37: C19 · Class A / B · build & submit notes | E37: =HYPERLINK("https://drive.google.com/file/d/114LKWFsE9wDyDy9QpjXPqMyCyi4_TIrfHAtmZzAZqKE/view","Agenda ↗") -> Agenda ↗ | F37: =HYPERLINK("https://drive.google.com/open?id=1US0KqN9vPf7ogwEVxcFWhaaJVGx7BICg70RoDr8cqRI","VT ↗") -> VT ↗ | G37: =HYPERLINK("https://drive.google.com/drive/folders/1iruHCi2QoDDr3ts8TEV3HSasPm6IHat5","Cycle folder ↗") -> Cycle folder ↗ | H37: — | I37: 46524 | J37: https://drive.google.com/open?id=114LKWFsE9wDyDy9QpjXPqMyCyi4_TIrfHAtmZzAZqKE | K37: https://drive.google.com/open?id=1US0KqN9vPf7ogwEVxcFWhaaJVGx7BICg70RoDr8cqRI
A38: Wk 37 | B38: May 24 – May 28, 2027 (buffer) | C38: Speciation & Biodiversity — draft & apply | D38: C19 · Class C · revise draft, then apply | E38: =HYPERLINK("https://drive.google.com/file/d/114LKWFsE9wDyDy9QpjXPqMyCyi4_TIrfHAtmZzAZqKE/view","Agenda ↗") -> Agenda ↗ | F38: — | G38: =HYPERLINK("https://drive.google.com/drive/folders/1iruHCi2QoDDr3ts8TEV3HSasPm6IHat5","Cycle folder ↗") -> Cycle folder ↗ | H38: — | I38: 46531 | J38: https://drive.google.com/open?id=114LKWFsE9wDyDy9QpjXPqMyCyi4_TIrfHAtmZzAZqKE
A39: Wk 38 | B39: May 31 – Jun 04, 2027 (buffer) | C39: Human Impact (Capstone) | D39: C20 · Class A–C (full cycle) | E39: =HYPERLINK("https://drive.google.com/file/d/16HgqhZ0shFBIV5QsNazG_F0oK5F2ySe3loNt6YalSnw/view","Agenda ↗") -> Agenda ↗ | F39: =HYPERLINK("https://drive.google.com/open?id=1cd7jaqjUJBcR1qqLro4spJDhJCYPyjjiNgPC9URXUaI","VT ↗") -> VT ↗ | G39: =HYPERLINK("https://drive.google.com/drive/folders/1pfc9EG7UXkUdyqWPQ5diqIUucBkAqbvR","Cycle folder ↗") -> Cycle folder ↗ | H39: — | I39: 46538 | J39: https://drive.google.com/open?id=16HgqhZ0shFBIV5QsNazG_F0oK5F2ySe3loNt6YalSnw | K39: https://drive.google.com/open?id=1cd7jaqjUJBcR1qqLro4spJDhJCYPyjjiNgPC9URXUaI

Sheet A&P as List
A1: A&P REVIEW LINKS — Anatomy & Physiology weekly folders · folder-level (VT deck + agenda live inside each folder)
A2: A&P week numbers track the Master grid (Year Grid) week numbers. A&P is an A-Day course (meets Tue · Thu · Fri), so Monday/Wednesday closures do not affect it.
A3: Grid Wk | B3: Dates | C3: Topic | D3: 📄 Agenda | E3: 🎞 VT | F3: 📁 Week folder | H3: _start | I3: _agendaURL | J3: _vtURL
A4: Wk 01 | B4: Aug 31 – Sep 04, 2026 ⚠ Fri 09/04 Schools Closed | C4: Course Overview & First Day | D4: =HYPERLINK("https://drive.google.com/open?id=1gawrUw9-400s_7DZd6Yam5max9ws6Ffa","Agenda ↗") -> Agenda ↗ | E4: — | F4: =HYPERLINK("https://drive.google.com/drive/folders/1QA8hY_ikAB8yR1YU9JJNfmWjDELuTFqO","Week folder ↗") -> Week folder ↗ | H4: 46265 | I4: https://drive.google.com/open?id=1gawrUw9-400s_7DZd6Yam5max9ws6Ffa
A5: Wk 02 | B5: Sep 07 – Sep 11, 2026 ⚠ Mon 09/07 Labor Day | C5: Introduction to Anatomy | D5: =HYPERLINK("https://drive.google.com/open?id=1nFdOFNK27gnkpbYpyDlktHRjdkxWIZTZ","Agenda ↗") -> Agenda ↗ | E5: =HYPERLINK("https://drive.google.com/open?id=1Zmv6_jnz3ALZINgumbkn5iak2pbLHPF-u2BsdjWOL24","VT ↗") -> VT ↗ | F5: =HYPERLINK("https://drive.google.com/drive/folders/163tqJfhpKUpQVLeIjndZtZQCNE0rYNPo","Week folder ↗") -> Week folder ↗ | H5: 46272 | I5: https://drive.google.com/open?id=1nFdOFNK27gnkpbYpyDlktHRjdkxWIZTZ | J5: https://drive.google.com/open?id=1Zmv6_jnz3ALZINgumbkn5iak2pbLHPF-u2BsdjWOL24
A6: Wk 03 | B6: Sep 14 – Sep 18, 2026 ⚠ Tue 09/15 Teacher In-Service | C6: Introduction to Anatomy (cont.) | D6: =HYPERLINK("https://drive.google.com/open?id=1w9qTJoS1fqb5vdRpuyFqpiSk4xSAK8sv","Agenda ↗") -> Agenda ↗ | E6: =HYPERLINK("https://drive.google.com/open?id=1VVDswvVFHGQELehJfFOGCqC_6-lR7Gt2DkA_XnFHHkM","VT ↗") -> VT ↗ | F6: =HYPERLINK("https://drive.google.com/drive/folders/1eDbiQdmOk-La5qQ43CDtyCRQ2NKBjp57","Week folder ↗") -> Week folder ↗ | H6: 46279 | I6: https://drive.google.com/open?id=1w9qTJoS1fqb5vdRpuyFqpiSk4xSAK8sv | J6: https://drive.google.com/open?id=1VVDswvVFHGQELehJfFOGCqC_6-lR7Gt2DkA_XnFHHkM
A7: Wk 04 | B7: Sep 21 – Sep 25, 2026 ⚠ Mon 09/21 Schools Closed | C7: Cell Structure & Function | D7: =HYPERLINK("https://drive.google.com/open?id=19YfhXgO_Qo05liv-vKAqr_nd3js4EeUw","Agenda ↗") -> Agenda ↗ | E7: =HYPERLINK("https://drive.google.com/open?id=14J0WNZJfw9riWej1Uc5TbJS6IiXpIlbt","VT ↗") -> VT ↗ | F7: =HYPERLINK("https://drive.google.com/drive/folders/104bQ7JGWFmqmcqPURojuoN7D1jBs3I-e","Week folder ↗") -> Week folder ↗ | H7: 46286 | I7: https://drive.google.com/open?id=19YfhXgO_Qo05liv-vKAqr_nd3js4EeUw | J7: https://drive.google.com/open?id=14J0WNZJfw9riWej1Uc5TbJS6IiXpIlbt
A8: Wk 05 | B8: Sep 28 – Oct 02, 2026 | C8: Cell Structure & Function (cont.) | D8: =HYPERLINK("https://drive.google.com/open?id=1gb0TkMHz2po5IwTl3lmBrDCXGj3Blj59","Agenda ↗") -> Agenda ↗ | E8: =HYPERLINK("https://drive.google.com/open?id=14J0WNZJfw9riWej1Uc5TbJS6IiXpIlbt","VT ↗") -> VT ↗ | F8: =HYPERLINK("https://drive.google.com/drive/folders/1Un2YcacJHmsq50c_LPueze3JjWtOfIyj","Week folder ↗") -> Week folder ↗ | H8: 46293 | I8: https://drive.google.com/open?id=1gb0TkMHz2po5IwTl3lmBrDCXGj3Blj59 | J8: https://drive.google.com/open?id=14J0WNZJfw9riWej1Uc5TbJS6IiXpIlbt
A9: Wk 06 | B9: Oct 05 – Oct 09, 2026 | C9: Body Tissues | D9: =HYPERLINK("https://drive.google.com/open?id=1kYF9qyTKahgPS3SueuGIqYLJiTAxlzhJ","Agenda ↗") -> Agenda ↗ | E9: =HYPERLINK("https://drive.google.com/open?id=1gErdQQGCkYn6AzaWeoQiag5Pk7nW2TqbfrhVeNZdQ-0","VT ↗") -> VT ↗ | F9: =HYPERLINK("https://drive.google.com/drive/folders/1wEgzWVKjZ9HTSh1oMSou52zJAZctytae","Week folder ↗") -> Week folder ↗ | H9: 46300 | I9: https://drive.google.com/open?id=1kYF9qyTKahgPS3SueuGIqYLJiTAxlzhJ | J9: https://drive.google.com/open?id=1gErdQQGCkYn6AzaWeoQiag5Pk7nW2TqbfrhVeNZdQ-0
A10: Wk 07 | B10: Oct 12 – Oct 16, 2026 ⚠ Fri 10/16 Teacher In-Service | C10: Body Tissues (cont.) | D10: =HYPERLINK("https://drive.google.com/open?id=1JaCjVW1IZESfp0_X8EHjVSYfmmAJaHeg","Agenda ↗") -> Agenda ↗ | E10: =HYPERLINK("https://drive.google.com/open?id=1gErdQQGCkYn6AzaWeoQiag5Pk7nW2TqbfrhVeNZdQ-0","VT ↗") -> VT ↗ | F10: =HYPERLINK("https://drive.google.com/drive/folders/1ldu8abQSPRm-mfeZuxrgjjKBgv6vYpyq","Week folder ↗") -> Week folder ↗ | H10: 46307 | I10: https://drive.google.com/open?id=1JaCjVW1IZESfp0_X8EHjVSYfmmAJaHeg | J10: https://drive.google.com/open?id=1gErdQQGCkYn6AzaWeoQiag5Pk7nW2TqbfrhVeNZdQ-0
A11: Wk 08 | B11: Oct 19 – Oct 23, 2026 | C11: Skeletal System | D11: =HYPERLINK("https://drive.google.com/open?id=1A7pbBsRbJKzkMbABn7OWCtHfH1lGC6iR","Agenda ↗") -> Agenda ↗ | E11: =HYPERLINK("https://drive.google.com/open?id=1dMCxDfIPCRM8Eiv2zoW0wehXROuIhpQbO9tgFqUY_kU","VT ↗") -> VT ↗ | F11: =HYPERLINK("https://drive.google.com/drive/folders/1rAhUfgpFvBiFtA4h9iTTsjyfZzA_JvNK","Week folder ↗") -> Week folder ↗ | H11: 46314 | I11: https://drive.google.com/open?id=1A7pbBsRbJKzkMbABn7OWCtHfH1lGC6iR | J11: https://drive.google.com/open?id=1dMCxDfIPCRM8Eiv2zoW0wehXROuIhpQbO9tgFqUY_kU
A12: Wk 09 | B12: Oct 26 – Oct 30, 2026 | C12: Skeletal System (cont.) | D12: =HYPERLINK("https://drive.google.com/open?id=11qrXHgJYciJsNZ5xAZK4zw43pxQCuToq","Agenda ↗") -> Agenda ↗ | E12: =HYPERLINK("https://drive.google.com/open?id=1dMCxDfIPCRM8Eiv2zoW0wehXROuIhpQbO9tgFqUY_kU","VT ↗") -> VT ↗ | F12: =HYPERLINK("https://drive.google.com/drive/folders/18bQDse9Uun_wUPuwMxXA2sLFpV1xSUpn","Week folder ↗") -> Week folder ↗ | H12: 46321 | I12: https://drive.google.com/open?id=11qrXHgJYciJsNZ5xAZK4zw43pxQCuToq | J12: https://drive.google.com/open?id=1dMCxDfIPCRM8Eiv2zoW0wehXROuIhpQbO9tgFqUY_kU
A13: Wk 10 | B13: Nov 02 – Nov 06, 2026 ⚠ Tue 11/03 Election Day — Closed | C13: Skeletal Anatomy — Lab Practical | D13: =HYPERLINK("https://drive.google.com/open?id=1kpNrMZwAdbOjjZ6vTe3S5vToMZjFaI7H","Agenda ↗") -> Agenda ↗ | E13: =HYPERLINK("https://drive.google.com/open?id=1dMCxDfIPCRM8Eiv2zoW0wehXROuIhpQbO9tgFqUY_kU","VT ↗") -> VT ↗ | F13: =HYPERLINK("https://drive.google.com/drive/folders/15cxT6oxj8kvhvuJKeQqbaJHTzymAhTjy","Week folder ↗") -> Week folder ↗ | H13: 46328 | I13: https://drive.google.com/open?id=1kpNrMZwAdbOjjZ6vTe3S5vToMZjFaI7H | J13: https://drive.google.com/open?id=1dMCxDfIPCRM8Eiv2zoW0wehXROuIhpQbO9tgFqUY_kU
A14: Wk 11 | B14: Nov 09 – Nov 13, 2026 | C14: Muscular System | D14: =HYPERLINK("https://drive.google.com/open?id=18tVHzBvgJ8nDH72igiW8ysRaRAnuvoQE","Agenda ↗") -> Agenda ↗ | E14: =HYPERLINK("https://drive.google.com/open?id=17f7slbWmxUGWajEAWfT3PxE3EfU9tz924xhPQM1Y_is","VT ↗") -> VT ↗ | F14: =HYPERLINK("https://drive.google.com/drive/folders/17AQVg0CCk7iBrECKLQRjBy51AJpbkvcu","Week folder ↗") -> Week folder ↗ | H14: 46335 | I14: https://drive.google.com/open?id=18tVHzBvgJ8nDH72igiW8ysRaRAnuvoQE | J14: https://drive.google.com/open?id=17f7slbWmxUGWajEAWfT3PxE3EfU9tz924xhPQM1Y_is
A15: Wk 12 | B15: Nov 16 – Nov 20, 2026 | C15: Muscular System (cont.) | D15: =HYPERLINK("https://drive.google.com/open?id=1xYSnkRjIDtVHNXzo12_9S24X3dqbs-Rq","Agenda ↗") -> Agenda ↗ | E15: =HYPERLINK("https://drive.google.com/open?id=17f7slbWmxUGWajEAWfT3PxE3EfU9tz924xhPQM1Y_is","VT ↗") -> VT ↗ | F15: =HYPERLINK("https://drive.google.com/drive/folders/1OfrNpIDs49a06awQ_e2Nw3seVP3b0kvs","Week folder ↗") -> Week folder ↗ | H15: 46342 | I15: https://drive.google.com/open?id=1xYSnkRjIDtVHNXzo12_9S24X3dqbs-Rq | J15: https://drive.google.com/open?id=17f7slbWmxUGWajEAWfT3PxE3EfU9tz924xhPQM1Y_is
A16: Wk 14 | B16: Nov 30 – Dec 04, 2026 | C16: Muscles — Naming | D16: =HYPERLINK("https://drive.google.com/open?id=1XCU-OpmQsxqWZMxo_uM1WfG0rVuacp1O","Agenda ↗") -> Agenda ↗ | E16: =HYPERLINK("https://drive.google.com/open?id=1azdCXd7wcSnAtuG0UAoCOWjRd0NfgbhgtWzPbkkqNnY","VT ↗") -> VT ↗ | F16: =HYPERLINK("https://drive.google.com/drive/folders/1nXzVHbbhf5fGQpgflCyCIJkEcnS4rn_I","Week folder ↗") -> Week folder ↗ | H16: 46356 | I16: https://drive.google.com/open?id=1XCU-OpmQsxqWZMxo_uM1WfG0rVuacp1O | J16: https://drive.google.com/open?id=1azdCXd7wcSnAtuG0UAoCOWjRd0NfgbhgtWzPbkkqNnY
A17: Wk 15 | B17: Dec 07 – Dec 11, 2026 ⚠ Fri 12/11 Teacher In-Service | C17: Muscles — Naming (cont.) | D17: =HYPERLINK("https://drive.google.com/open?id=168ERgIT0MUhmsX61TdPJGMKY_jGn0Iex","Agenda ↗") -> Agenda ↗ | E17: =HYPERLINK("https://drive.google.com/open?id=1azdCXd7wcSnAtuG0UAoCOWjRd0NfgbhgtWzPbkkqNnY","VT ↗") -> VT ↗ | F17: =HYPERLINK("https://drive.google.com/drive/folders/1gmyIv97VR5pq8tB4YuTiZqG9IgdrHg3E","Week folder ↗") -> Week folder ↗ | H17: 46363 | I17: https://drive.google.com/open?id=168ERgIT0MUhmsX61TdPJGMKY_jGn0Iex | J17: https://drive.google.com/open?id=1azdCXd7wcSnAtuG0UAoCOWjRd0NfgbhgtWzPbkkqNnY
A18: Wk 16 | B18: Dec 14 – Dec 18, 2026 | C18: Nervous System | D18: =HYPERLINK("https://drive.google.com/open?id=1u91_J5z5UNulmCN_Xk5jxpQOvCqLpFrs","Agenda ↗") -> Agenda ↗ | E18: =HYPERLINK("https://drive.google.com/open?id=1Wj-d32YhHkN01XQQaGvW2A1qnshje2OHGYZLZiPN8qs","VT ↗") -> VT ↗ | F18: =HYPERLINK("https://drive.google.com/drive/folders/1KnKe19zqhMt_OBzHN7KOBEA2P5WB7djj","Week folder ↗") -> Week folder ↗ | H18: 46370 | I18: https://drive.google.com/open?id=1u91_J5z5UNulmCN_Xk5jxpQOvCqLpFrs | J18: https://drive.google.com/open?id=1Wj-d32YhHkN01XQQaGvW2A1qnshje2OHGYZLZiPN8qs
A19: Wk 17 | B19: Jan 04 – Jan 08, 2027 ⚠ Winter break begins Dec 23 · 12/21 & 12/22 are school days | C19: Nervous System (cont.) | D19: =HYPERLINK("https://drive.google.com/open?id=1O9IzS44IqDt7FOODV8ry9CmJia94UwAJ","Agenda ↗") -> Agenda ↗ | E19: =HYPERLINK("https://drive.google.com/open?id=1Wj-d32YhHkN01XQQaGvW2A1qnshje2OHGYZLZiPN8qs","VT ↗") -> VT ↗ | F19: =HYPERLINK("https://drive.google.com/drive/folders/1ljidBqhr7hn7k7lBJu2Xb9P4ZZ3Ww0T0","Week folder ↗") -> Week folder ↗ | H19: 46391 | I19: https://drive.google.com/open?id=1O9IzS44IqDt7FOODV8ry9CmJia94UwAJ | J19: https://drive.google.com/open?id=1Wj-d32YhHkN01XQQaGvW2A1qnshje2OHGYZLZiPN8qs
A20: Wk 18 | B20: Jan 11 – Jan 15, 2027 | C20: Semester 1 Final Exam Review | D20: =HYPERLINK("https://drive.google.com/file/d/1qLWoaF5MtnyllOb_bjfbq8XCZuU8cHp5/view","Agenda ↗") -> Agenda ↗ | E20: =HYPERLINK("https://drive.google.com/open?id=1Wj-d32YhHkN01XQQaGvW2A1qnshje2OHGYZLZiPN8qs","VT ↗") -> VT ↗ | F20: =HYPERLINK("https://drive.google.com/drive/folders/17uR9vCmBFbFiy258wsOzoDNUJoDc3uLu","Week folder ↗") -> Week folder ↗ | H20: 46398 | I20: https://drive.google.com/open?id=1g6DSCjMGDwwiRWUNn5TfNl-V0rPdbUwSHNCHJkxzswY | J20: https://drive.google.com/open?id=1Wj-d32YhHkN01XQQaGvW2A1qnshje2OHGYZLZiPN8qs
A21: Wk 19 | B21: Jan 18 – Jan 22, 2027 | C21: Forensics Mini Unit (A&P) | D21: =HYPERLINK("https://drive.google.com/file/d/1-uv13RZiLnZiQewrd6OK9AbTwy14bzxd/view","Agenda ↗") -> Agenda ↗ | E21: =HYPERLINK("https://drive.google.com/open?id=1Wj-d32YhHkN01XQQaGvW2A1qnshje2OHGYZLZiPN8qs","VT ↗") -> VT ↗ | F21: =HYPERLINK("https://drive.google.com/drive/folders/1w7j_GNiGNx2Ukcqm1YMokKiQVdN7kAlw","Week folder ↗") -> Week folder ↗ | H21: 46405 | I21: https://drive.google.com/open?id=1qLWoaF5MtnyllOb_bjfbq8XCZuU8cHp5 | J21: https://drive.google.com/open?id=1Wj-d32YhHkN01XQQaGvW2A1qnshje2OHGYZLZiPN8qs
A22: Wk 20 | B22: Jan 25 – Jan 29, 2027 | C22: Senses | D22: =HYPERLINK("https://drive.google.com/open?id=1uyxqR1SOwHPxria6IGGJY-8UUp4TKY0l","Agenda ↗") -> Agenda ↗ | E22: =HYPERLINK("https://drive.google.com/open?id=1xGTy2zxYlCm2Ui96lXPsvD5S80DDJaoELN4bWfbcMhY","VT ↗") -> VT ↗ | F22: =HYPERLINK("https://drive.google.com/drive/folders/1xHAbnP-8jd2d0GFJrv1j_gAB8B32AtK0","Week folder ↗") -> Week folder ↗ | H22: 46412 | I22: https://drive.google.com/open?id=1uyxqR1SOwHPxria6IGGJY-8UUp4TKY0l | J22: https://drive.google.com/open?id=1xGTy2zxYlCm2Ui96lXPsvD5S80DDJaoELN4bWfbcMhY
A23: Wk 21 | B23: Feb 01 – Feb 05, 2027 | C23: Senses (cont.) | D23: =HYPERLINK("https://drive.google.com/open?id=1fo26b0qrjYlcSB-8F9uW8TaD53-_SvMJ","Agenda ↗") -> Agenda ↗ | E23: =HYPERLINK("https://drive.google.com/open?id=1xGTy2zxYlCm2Ui96lXPsvD5S80DDJaoELN4bWfbcMhY","VT ↗") -> VT ↗ | F23: =HYPERLINK("https://drive.google.com/drive/folders/1WEIIc2ylmpgIU8wSADgY-0mZY7r45XlL","Week folder ↗") -> Week folder ↗ | H23: 46419 | I23: https://drive.google.com/open?id=1fo26b0qrjYlcSB-8F9uW8TaD53-_SvMJ | J23: https://drive.google.com/open?id=1xGTy2zxYlCm2Ui96lXPsvD5S80DDJaoELN4bWfbcMhY
A24: Wk 22 | B24: Feb 08 – Feb 12, 2027 | C24: Endocrine System | D24: =HYPERLINK("https://drive.google.com/open?id=1_d9oien_J66laPNcB4VQNrFDKRMQS_NK","Agenda ↗") -> Agenda ↗ | E24: =HYPERLINK("https://drive.google.com/open?id=1ki2C4ujWDEv7TlVU5n-XF3_gzEhTvFM8nV34uwhs64g","VT ↗") -> VT ↗ | F24: =HYPERLINK("https://drive.google.com/drive/folders/1O3-8ajiLWTcJJcnOHFlDJ8-uJRty8TjO","Week folder ↗") -> Week folder ↗ | H24: 46426 | I24: https://drive.google.com/open?id=1_d9oien_J66laPNcB4VQNrFDKRMQS_NK | J24: https://drive.google.com/open?id=1ki2C4ujWDEv7TlVU5n-XF3_gzEhTvFM8nV34uwhs64g
A25: Wk 23 | B25: Feb 15 – Feb 19, 2027 ⚠ Mon 02/15 Presidents' Day | C25: Endocrine System (cont.) | D25: =HYPERLINK("https://drive.google.com/open?id=13kRqv3DrK7x306ZQDLEvjl6q9Jl0y21M","Agenda ↗") -> Agenda ↗ | E25: =HYPERLINK("https://drive.google.com/open?id=1ki2C4ujWDEv7TlVU5n-XF3_gzEhTvFM8nV34uwhs64g","VT ↗") -> VT ↗ | F25: =HYPERLINK("https://drive.google.com/drive/folders/1ahg62IVNfAUmg8CpjwfxcqIsA8X-WUHe","Week folder ↗") -> Week folder ↗ | H25: 46433 | I25: https://drive.google.com/open?id=13kRqv3DrK7x306ZQDLEvjl6q9Jl0y21M | J25: https://drive.google.com/open?id=1ki2C4ujWDEv7TlVU5n-XF3_gzEhTvFM8nV34uwhs64g
A26: Wk 24 | B26: Feb 22 – Feb 26, 2027 | C26: Blood & Immune System | D26: =HYPERLINK("https://drive.google.com/open?id=1TpTzaIgUeuc1A4STjkTBGdo6nH8jW4yW","Agenda ↗") -> Agenda ↗ | E26: =HYPERLINK("https://drive.google.com/open?id=1vYN1iL4ELHTsk61B0ulAazNcEzG4uFF3CJte6JgZsaE","VT ↗") -> VT ↗ | F26: =HYPERLINK("https://drive.google.com/drive/folders/1XCJEqyyCj5pyIR4mz-VxHdrRNQTuXC9R","Week folder ↗") -> Week folder ↗ | H26: 46440 | I26: https://drive.google.com/open?id=1TpTzaIgUeuc1A4STjkTBGdo6nH8jW4yW | J26: https://drive.google.com/open?id=1vYN1iL4ELHTsk61B0ulAazNcEzG4uFF3CJte6JgZsaE
A27: Wk 25 | B27: Mar 01 – Mar 05, 2027 | C27: Blood & Immune System (cont.) | D27: =HYPERLINK("https://drive.google.com/open?id=1YBoz3l3uvH5Ggqt0U4_NTN1sqECi92Py","Agenda ↗") -> Agenda ↗ | E27: =HYPERLINK("https://drive.google.com/open?id=1vYN1iL4ELHTsk61B0ulAazNcEzG4uFF3CJte6JgZsaE","VT ↗") -> VT ↗ | F27: =HYPERLINK("https://drive.google.com/drive/folders/12SDXeLJBdtM3snZeP6v3-RZvTqy6JUEX","Week folder ↗") -> Week folder ↗ | H27: 46447 | I27: https://drive.google.com/open?id=1YBoz3l3uvH5Ggqt0U4_NTN1sqECi92Py | J27: https://drive.google.com/open?id=1vYN1iL4ELHTsk61B0ulAazNcEzG4uFF3CJte6JgZsaE
A28: Wk 26 | B28: Mar 08 – Mar 12, 2027 | C28: Blood & Immune System (cont.) | D28: =HYPERLINK("https://drive.google.com/open?id=1w9M7Dn0JbScAd3zfZmwUMoL0QFFStZjN","Agenda ↗") -> Agenda ↗ | E28: =HYPERLINK("https://drive.google.com/open?id=1vYN1iL4ELHTsk61B0ulAazNcEzG4uFF3CJte6JgZsaE","VT ↗") -> VT ↗ | F28: =HYPERLINK("https://drive.google.com/drive/folders/1o1kFBEQGuu_QD9eJem4WYRb3L5cPy4Gv","Week folder ↗") -> Week folder ↗ | H28: 46454 | I28: https://drive.google.com/open?id=1w9M7Dn0JbScAd3zfZmwUMoL0QFFStZjN | J28: https://drive.google.com/open?id=1vYN1iL4ELHTsk61B0ulAazNcEzG4uFF3CJte6JgZsaE
A29: Wk 27 | B29: Mar 15 – Mar 19, 2027 | C29: Heart & Circulatory System | D29: =HYPERLINK("https://drive.google.com/open?id=11qB3do5kHcsLONa7G9jTO0EsFagFKCsS","Agenda ↗") -> Agenda ↗ | E29: =HYPERLINK("https://drive.google.com/open?id=10jxfCVxM8G9vaoOxC8dO3Gs-j9tkwk-WStTdOOq2-XA","VT ↗") -> VT ↗ | F29: =HYPERLINK("https://drive.google.com/drive/folders/1o60KAs4BB5MS6d8aHpEZvDZ8rdJPPzQa","Week folder ↗") -> Week folder ↗ | H29: 46461 | I29: https://drive.google.com/open?id=11qB3do5kHcsLONa7G9jTO0EsFagFKCsS | J29: https://drive.google.com/open?id=10jxfCVxM8G9vaoOxC8dO3Gs-j9tkwk-WStTdOOq2-XA
A30: Wk 28 | B30: Mar 22 – Mar 26, 2027 ⚠ Fri 03/26 Schools Closed | C30: Heart & Circulatory System (cont.) | D30: =HYPERLINK("https://drive.google.com/open?id=1obzN3NyJYuYHMTC7r9C7atwsKnFyiQyv","Agenda ↗") -> Agenda ↗ | E30: =HYPERLINK("https://drive.google.com/open?id=10jxfCVxM8G9vaoOxC8dO3Gs-j9tkwk-WStTdOOq2-XA","VT ↗") -> VT ↗ | F30: =HYPERLINK("https://drive.google.com/drive/folders/190MglN8CesdPTyx6KBGmptQDIV3I6Vbi","Week folder ↗") -> Week folder ↗ | H30: 46475 | I30: https://drive.google.com/open?id=1obzN3NyJYuYHMTC7r9C7atwsKnFyiQyv | J30: https://drive.google.com/open?id=10jxfCVxM8G9vaoOxC8dO3Gs-j9tkwk-WStTdOOq2-XA
A31: Wk 30 | B31: Apr 05 – Apr 09, 2027 ⚠ Fri 04/09 Teacher In-Service | C31: Digestive System | D31: =HYPERLINK("https://drive.google.com/open?id=1-WkzXGkoIltYQIKs42PK-6-uVN3j3b7K","Agenda ↗") -> Agenda ↗ | E31: =HYPERLINK("https://drive.google.com/open?id=1cObFuhG2qNzRZ-aSCya5HzhUzGwZa275uknvNSo_jWs","VT ↗") -> VT ↗ | F31: =HYPERLINK("https://drive.google.com/drive/folders/11R87z2oWstWU8WhMTG063riFu9QVwEx9","Week folder ↗") -> Week folder ↗ | H31: 46482 | I31: https://drive.google.com/open?id=1-WkzXGkoIltYQIKs42PK-6-uVN3j3b7K | J31: https://drive.google.com/open?id=1cObFuhG2qNzRZ-aSCya5HzhUzGwZa275uknvNSo_jWs
A32: Wk 31 | B32: Apr 12 – Apr 16, 2027 | C32: Digestive System (cont.) | D32: =HYPERLINK("https://drive.google.com/open?id=190zerguRML1fMTdyIQFXiwd8ZdqFmNU1","Agenda ↗") -> Agenda ↗ | E32: =HYPERLINK("https://drive.google.com/open?id=1cObFuhG2qNzRZ-aSCya5HzhUzGwZa275uknvNSo_jWs","VT ↗") -> VT ↗ | F32: =HYPERLINK("https://drive.google.com/drive/folders/13SE5jXZtywm2MFTxwlmNTMBKuVJI9Two","Week folder ↗") -> Week folder ↗ | H32: 46489 | I32: https://drive.google.com/open?id=190zerguRML1fMTdyIQFXiwd8ZdqFmNU1 | J32: https://drive.google.com/open?id=1cObFuhG2qNzRZ-aSCya5HzhUzGwZa275uknvNSo_jWs
A33: Wk 32 | B33: Apr 19 – Apr 23, 2027 | C33: Respiratory System | D33: =HYPERLINK("https://drive.google.com/open?id=1gRmD_eTYR-qGUfaUV66pLItREm6rA0ZT","Agenda ↗") -> Agenda ↗ | E33: =HYPERLINK("https://drive.google.com/open?id=1EVUaCy_Fg3dUeuLlltPywaq17STxTQaB","VT ↗") -> VT ↗ | F33: =HYPERLINK("https://drive.google.com/drive/folders/1BcRYAz-VLXevva7HZg78qT8u4Qgxy4n3","Week folder ↗") -> Week folder ↗ | H33: 46496 | I33: https://drive.google.com/open?id=1gRmD_eTYR-qGUfaUV66pLItREm6rA0ZT | J33: https://drive.google.com/open?id=1EVUaCy_Fg3dUeuLlltPywaq17STxTQaB
A34: Wk 33 | B34: Apr 26 – Apr 30, 2027 ⚠ Fri 04/30 Teacher In-Service | C34: Respiratory System (cont.) | D34: =HYPERLINK("https://drive.google.com/open?id=1sLE3Rk-0YIiY7UDrJTOpUBw_gWWnyYKh","Agenda ↗") -> Agenda ↗ | E34: =HYPERLINK("https://drive.google.com/open?id=1EVUaCy_Fg3dUeuLlltPywaq17STxTQaB","VT ↗") -> VT ↗ | F34: =HYPERLINK("https://drive.google.com/drive/folders/1YW2LvUaLSSkpMdyCu3Wig5d8lheeWXu7","Week folder ↗") -> Week folder ↗ | H34: 46503 | I34: https://drive.google.com/open?id=1sLE3Rk-0YIiY7UDrJTOpUBw_gWWnyYKh | J34: https://drive.google.com/open?id=1EVUaCy_Fg3dUeuLlltPywaq17STxTQaB
A35: Wk 34 | B35: May 03 – May 07, 2027 | C35: Urinary System | D35: =HYPERLINK("https://drive.google.com/open?id=1lAyGSNFcug753XOenC1SWfcKjcWRGgGb","Agenda ↗") -> Agenda ↗ | E35: =HYPERLINK("https://drive.google.com/open?id=1-plQzF2HgiwBcHDtpQxFdGOan9U7utO066aCTjJKF0E","VT ↗") -> VT ↗ | F35: =HYPERLINK("https://drive.google.com/drive/folders/1Sqt4JccFMukVuWAdWJqc1mKvrWLSRmKR","Week folder ↗") -> Week folder ↗ | H35: 46510 | I35: https://drive.google.com/open?id=1lAyGSNFcug753XOenC1SWfcKjcWRGgGb | J35: https://drive.google.com/open?id=1-plQzF2HgiwBcHDtpQxFdGOan9U7utO066aCTjJKF0E
A36: Wk 35 | B36: May 10 – May 14, 2027 | C36: Urinary System (cont.) | D36: =HYPERLINK("https://drive.google.com/open?id=1AiGLle3w4k5jbcqh1v_XmaLy17Bf9AHB","Agenda ↗") -> Agenda ↗ | E36: =HYPERLINK("https://drive.google.com/open?id=1-plQzF2HgiwBcHDtpQxFdGOan9U7utO066aCTjJKF0E","VT ↗") -> VT ↗ | F36: =HYPERLINK("https://drive.google.com/drive/folders/1jWhug-8cSWLMEbjVYiuQfKSrSGGPjamH","Week folder ↗") -> Week folder ↗ | H36: 46517 | I36: https://drive.google.com/open?id=1AiGLle3w4k5jbcqh1v_XmaLy17Bf9AHB | J36: https://drive.google.com/open?id=1-plQzF2HgiwBcHDtpQxFdGOan9U7utO066aCTjJKF0E
A37: Wk 36 | B37: May 17 – May 21, 2027 | C37: Reproductive System & Final Project | D37: =HYPERLINK("https://drive.google.com/open?id=1jhctoygJPnIsW75SJzwqCJNzh2ssGZPa","Agenda ↗") -> Agenda ↗ | E37: =HYPERLINK("https://drive.google.com/open?id=13y_kIvYYU0tvQCEjmFxt1Hocrs4EQXvqz2Btyv_bunU","VT ↗") -> VT ↗ | F37: =HYPERLINK("https://drive.google.com/drive/folders/1tVSeLPdRHmK927-cA7e0V9_cKOVzTcG6","Week folder ↗") -> Week folder ↗ | H37: 46524 | I37: https://drive.google.com/open?id=1jhctoygJPnIsW75SJzwqCJNzh2ssGZPa | J37: https://drive.google.com/open?id=13y_kIvYYU0tvQCEjmFxt1Hocrs4EQXvqz2Btyv_bunU
A38: Wk 37 | B38: May 24 – May 28, 2027 (buffer) | C38: Finals Exam Review | D38: =HYPERLINK("https://drive.google.com/open?id=1w8DnScRkCacCsLVAGrnRK2m22GRlMA9T","Agenda ↗") -> Agenda ↗ | E38: =HYPERLINK("https://drive.google.com/open?id=13y_kIvYYU0tvQCEjmFxt1Hocrs4EQXvqz2Btyv_bunU","VT ↗") -> VT ↗ | F38: =HYPERLINK("https://drive.google.com/drive/folders/1qsqDYCi8Zoyk9dYzxW5rM34eiNnP-JcU","Week folder ↗") -> Week folder ↗ | H38: 46531 | I38: https://drive.google.com/open?id=1w8DnScRkCacCsLVAGrnRK2m22GRlMA9T | J38: https://drive.google.com/open?id=13y_kIvYYU0tvQCEjmFxt1Hocrs4EQXvqz2Btyv_bunU

Sheet Forensics as List
A1: FORENSICS REVIEW LINKS — weekly folders grouped by unit · folder-level (decks + agenda inside each folder)
A2: =HYPERLINK("https://docs.google.com/document/d/1az3OMO31uSWcncaP2_tqclVIOskFY3BH0gpWa0OtBJk/edit","📑 Forensics Lesson Index (master sequence) ↗") -> 📑 Forensics Lesson Index (master sequence) ↗
A3: Unit | B3: F. Wk | C3: Dates | D3: Topic | E3: 📄 Agenda | F3: 🎞 VT | G3: 📁 Week folder | H3: _start | I3: _agendaURL | J3: _vtURL
A4: Unit 1 | B4: W01 | C4: Aug 31 – Sep 04, 2026 ⚠ Fri 09/04 Schools Closed | D4: First Day & Classroom Rules / Procedures | E4: =HYPERLINK("https://drive.google.com/drive/folders/1hltb0Q71UOW9MYdaOzdekyvRUg_KA4sd","Folder ↗") -> Folder ↗ | F4: =HYPERLINK("https://drive.google.com/open?id=1DnnbX5OkOjZRBPyY0DD7NfaDV7nbe0CAeEj9A7k0VH8","VT ↗") -> VT ↗ | G4: =HYPERLINK("https://drive.google.com/drive/folders/1hltb0Q71UOW9MYdaOzdekyvRUg_KA4sd","Week folder ↗") -> Week folder ↗ | H4: 46265 | I4: https://drive.google.com/drive/folders/1hltb0Q71UOW9MYdaOzdekyvRUg_KA4sd | J4: https://drive.google.com/open?id=1DnnbX5OkOjZRBPyY0DD7NfaDV7nbe0CAeEj9A7k0VH8
A5: Unit 1 | B5: W02 | C5: Sep 07 – Sep 11, 2026 ⚠ Mon 09/07 Labor Day | D5: Lab Safety, Equipment & the Microscope | E5: =HYPERLINK("https://drive.google.com/open?id=1uOg6_9i1kmz2FtbF6exPfiYp0z-9pnuM","Agenda ↗") -> Agenda ↗ | F5: =HYPERLINK("https://drive.google.com/open?id=1DnnbX5OkOjZRBPyY0DD7NfaDV7nbe0CAeEj9A7k0VH8","VT ↗") -> VT ↗ | G5: =HYPERLINK("https://drive.google.com/drive/folders/1uma38sCTtPFMf0HY-6dBEZfjv8qqVRmK","Week folder ↗") -> Week folder ↗ | H5: 46272 | I5: https://drive.google.com/open?id=1uOg6_9i1kmz2FtbF6exPfiYp0z-9pnuM | J5: https://drive.google.com/open?id=1DnnbX5OkOjZRBPyY0DD7NfaDV7nbe0CAeEj9A7k0VH8
A6: Unit 1 | B6: W03 | C6: Sep 14 – Sep 18, 2026 ⚠ Tue 09/15 Teacher In-Service | D6: Observation Skills & Deductive Reasoning | E6: =HYPERLINK("https://drive.google.com/drive/folders/1wqc1Hf-h0sxwher8qNilzrp0VpAws5N-","Folder ↗") -> Folder ↗ | F6: =HYPERLINK("https://drive.google.com/open?id=16N6ai03kcWxvoHeUsVy0PjIsMEGVnnTqQpDXtM9coww","VT ↗") -> VT ↗ | G6: =HYPERLINK("https://drive.google.com/drive/folders/1wqc1Hf-h0sxwher8qNilzrp0VpAws5N-","Week folder ↗") -> Week folder ↗ | H6: 46279 | I6: https://drive.google.com/drive/folders/1wqc1Hf-h0sxwher8qNilzrp0VpAws5N- | J6: https://drive.google.com/open?id=16N6ai03kcWxvoHeUsVy0PjIsMEGVnnTqQpDXtM9coww
A7: Unit 1 | B7: W04 | C7: Sep 21 – Sep 25, 2026 ⚠ Mon 09/21 Schools Closed | D7: Eyewitness Testimony & The Innocence Project | E7: =HYPERLINK("https://drive.google.com/drive/folders/1ZDLPv672eLkb4LdWOUt8NyIfDvOttlOr","Folder ↗") -> Folder ↗ | F7: =HYPERLINK("https://drive.google.com/open?id=1fNrQu29ySWaMOobVBCr-y7mwl_9QaZSGzgqZdgufSTY","VT ↗") -> VT ↗ | G7: =HYPERLINK("https://drive.google.com/drive/folders/1ZDLPv672eLkb4LdWOUt8NyIfDvOttlOr","Week folder ↗") -> Week folder ↗ | H7: 46286 | I7: https://drive.google.com/drive/folders/1ZDLPv672eLkb4LdWOUt8NyIfDvOttlOr | J7: https://drive.google.com/open?id=1fNrQu29ySWaMOobVBCr-y7mwl_9QaZSGzgqZdgufSTY
A8: Unit 1 | B8: W05 | C8: Sep 28 – Oct 02, 2026 | D8: Investigative Processes & Types of Evidence | E8: =HYPERLINK("https://drive.google.com/drive/folders/1Mv5tQSM2q6L1u7TfCY6L7YMoyGAExvii","Folder ↗") -> Folder ↗ | F8: =HYPERLINK("https://drive.google.com/open?id=1C4sG4o-XSQiEZ1BYl-jlqDd_vmO_NwDDmzpQr5Y0JMg","VT ↗") -> VT ↗ | G8: =HYPERLINK("https://drive.google.com/drive/folders/1Mv5tQSM2q6L1u7TfCY6L7YMoyGAExvii","Week folder ↗") -> Week folder ↗ | H8: 46293 | I8: https://drive.google.com/drive/folders/1Mv5tQSM2q6L1u7TfCY6L7YMoyGAExvii | J8: https://drive.google.com/open?id=1C4sG4o-XSQiEZ1BYl-jlqDd_vmO_NwDDmzpQr5Y0JMg
A9: Unit 1 | B9: W06 | C9: Oct 05 – Oct 09, 2026 | D9: Searching & Photographing the Scene | E9: =HYPERLINK("https://drive.google.com/open?id=1J1S0BClAAUttR3m6O5yu9-zaP6LdqHph","Agenda ↗") -> Agenda ↗ | F9: =HYPERLINK("https://drive.google.com/open?id=1-MZ3pZe87f2q33s2jDhGTiRiSEjFZyQ8ZmzQjG_TdA0","VT ↗") -> VT ↗ | G9: =HYPERLINK("https://drive.google.com/drive/folders/1sgd220f0JrRR4QPSzNMWFyiy99Z0KHYG","Week folder ↗") -> Week folder ↗ | H9: 46300 | I9: https://drive.google.com/open?id=1J1S0BClAAUttR3m6O5yu9-zaP6LdqHph | J9: https://drive.google.com/open?id=1-MZ3pZe87f2q33s2jDhGTiRiSEjFZyQ8ZmzQjG_TdA0
A10: Unit 1 | B10: W07 | C10: Oct 12 – Oct 16, 2026 ⚠ Fri 10/16 Teacher In-Service | D10: Sketching the Scene & Evidence Collection | E10: =HYPERLINK("https://drive.google.com/open?id=12lw8HTqNaFlWtlgPSM7ioumPHThhOjEj","Agenda ↗") -> Agenda ↗ | F10: =HYPERLINK("https://drive.google.com/open?id=13pRkV5c1MXLMR-C2tc6fVnAIFCZcWO9q4OI-d8XvHd4","VT ↗") -> VT ↗ | G10: =HYPERLINK("https://drive.google.com/drive/folders/17RuwRxS2tr8cY43uWnGZtLCNIKDfU2Wq","Week folder ↗") -> Week folder ↗ | H10: 46307 | I10: https://drive.google.com/open?id=12lw8HTqNaFlWtlgPSM7ioumPHThhOjEj | J10: https://drive.google.com/open?id=13pRkV5c1MXLMR-C2tc6fVnAIFCZcWO9q4OI-d8XvHd4
A11: Unit 1 | B11: W08 | C11: Oct 19 – Oct 23, 2026 | D11: History of Forensics | E11: =HYPERLINK("https://drive.google.com/open?id=1CucV7ljS-QkRm3qWYFtiH6SMNjZFacqw","Agenda ↗") -> Agenda ↗ | F11: =HYPERLINK("https://drive.google.com/open?id=1PlWhOzS6t0DlieJsS45JVBomCCAiiwM2_n8mIBLqDJY","VT ↗") -> VT ↗ | G11: =HYPERLINK("https://drive.google.com/drive/folders/1Zv2xo2f86Gzbp_cME9DT6lf2iD_1gIlU","Week folder ↗") -> Week folder ↗ | H11: 46314 | I11: https://drive.google.com/open?id=1CucV7ljS-QkRm3qWYFtiH6SMNjZFacqw | J11: https://drive.google.com/open?id=1PlWhOzS6t0DlieJsS45JVBomCCAiiwM2_n8mIBLqDJY
A12: Unit 1 | B12: W08b | C12: Oct 19 – Oct 23, 2026 | D12: Crime Scene to Courtroom (Mock Trial) | E12: =HYPERLINK("https://drive.google.com/open?id=1jpL9F7t-dQ4rVfUNGilEiRHeNLieeD-o","Agenda ↗") -> Agenda ↗ | F12: =HYPERLINK("https://drive.google.com/open?id=19mCfUTG4lsvplXzzjdXAXagIe6-9tydgrEHhrRm08Cc","VT ↗") -> VT ↗ | G12: =HYPERLINK("https://drive.google.com/drive/folders/1tsysb6Ppia5dz3qZ5WGlIV3EzudOLsrs","Week folder ↗") -> Week folder ↗ | H12: 46314 | I12: https://drive.google.com/open?id=1jpL9F7t-dQ4rVfUNGilEiRHeNLieeD-o | J12: https://drive.google.com/open?id=19mCfUTG4lsvplXzzjdXAXagIe6-9tydgrEHhrRm08Cc
A13: Unit 1 | B13: W09 | C13: Oct 26 – Oct 30, 2026 | D13: Unit Review & Assessment | E13: =HYPERLINK("https://drive.google.com/drive/folders/1pSK0hCQlAGxuso39aq602N2w3h7zX5zN","Folder ↗") -> Folder ↗ | F13: =HYPERLINK("https://drive.google.com/open?id=19mCfUTG4lsvplXzzjdXAXagIe6-9tydgrEHhrRm08Cc","VT ↗") -> VT ↗ | G13: =HYPERLINK("https://drive.google.com/drive/folders/1pSK0hCQlAGxuso39aq602N2w3h7zX5zN","Week folder ↗") -> Week folder ↗ | H13: 46321 | I13: https://drive.google.com/drive/folders/1pSK0hCQlAGxuso39aq602N2w3h7zX5zN | J13: https://drive.google.com/open?id=19mCfUTG4lsvplXzzjdXAXagIe6-9tydgrEHhrRm08Cc
A14: Unit 1 | B14: W10 | C14: Nov 02 – Nov 06, 2026 ⚠ Tue 11/03 Election Day — Closed | D14: Mock Crime Scene | E14: =HYPERLINK("https://drive.google.com/open?id=1rHY-4K2t5oBrBufIbuB71mQ-X7dvproI","Agenda ↗") -> Agenda ↗ | F14: =HYPERLINK("https://drive.google.com/open?id=19mCfUTG4lsvplXzzjdXAXagIe6-9tydgrEHhrRm08Cc","VT ↗") -> VT ↗ | G14: =HYPERLINK("https://drive.google.com/drive/folders/17-TCSS_gdMCKmSSbR-I7qHLphgnwng4C","Week folder ↗") -> Week folder ↗ | H14: 46328 | I14: https://drive.google.com/open?id=1rHY-4K2t5oBrBufIbuB71mQ-X7dvproI | J14: https://drive.google.com/open?id=19mCfUTG4lsvplXzzjdXAXagIe6-9tydgrEHhrRm08Cc
A15: Unit 2 | B15: W11 | C15: Nov 09 – Nov 13, 2026 ⚠ Wed 11/11 Veterans Day — Closed | D15: Arson | E15: =HYPERLINK("https://drive.google.com/drive/folders/1gb7IdeH1GR3Q6begl2yvm5sUxuqy-AkV","Folder ↗") -> Folder ↗ | F15: =HYPERLINK("https://drive.google.com/open?id=1ug6eZ53phR-nL-8g6DIXbVO5fba2z1cjunaRaFfUzaQ","VT ↗") -> VT ↗ | G15: =HYPERLINK("https://drive.google.com/drive/folders/1gb7IdeH1GR3Q6begl2yvm5sUxuqy-AkV","Week folder ↗") -> Week folder ↗ | H15: 46335 | I15: https://drive.google.com/drive/folders/1gb7IdeH1GR3Q6begl2yvm5sUxuqy-AkV | J15: https://drive.google.com/open?id=1ug6eZ53phR-nL-8g6DIXbVO5fba2z1cjunaRaFfUzaQ
A16: Unit 2 | B16: W12 | C16: Nov 16 – Nov 20, 2026 | D16: Ballistics | E16: =HYPERLINK("https://drive.google.com/drive/folders/1KieUq8XC5Xo2H6dTx2JNCTxLnChNChRJ","Folder ↗") -> Folder ↗ | F16: =HYPERLINK("https://drive.google.com/open?id=1WLHJAZ8a4S-19KBPx_jfOmY4lAIneISAHn5wRybT0GI","VT ↗") -> VT ↗ | G16: =HYPERLINK("https://drive.google.com/drive/folders/1KieUq8XC5Xo2H6dTx2JNCTxLnChNChRJ","Week folder ↗") -> Week folder ↗ | H16: 46342 | I16: https://drive.google.com/drive/folders/1KieUq8XC5Xo2H6dTx2JNCTxLnChNChRJ | J16: https://drive.google.com/open?id=1WLHJAZ8a4S-19KBPx_jfOmY4lAIneISAHn5wRybT0GI
A17: Unit 2 | B17: W13 | C17: Nov 23 – Nov 27, 2026 ⚠ Teacher in-service Mon–Wed (no students) · Thanksgiving Thu–Fri | D17: Blood Evidence (Part 1) | E17: =HYPERLINK("https://drive.google.com/drive/folders/10EI66bvbebIvsKBTH9nDPdmFB0atbq64","Folder ↗") -> Folder ↗ | F17: =HYPERLINK("https://drive.google.com/open?id=1pKDefRl8-cdzrab8aOZIbVy4pfaPGt1_g-TEoJAQeAo","VT ↗") -> VT ↗ | G17: =HYPERLINK("https://drive.google.com/drive/folders/10EI66bvbebIvsKBTH9nDPdmFB0atbq64","Week folder ↗") -> Week folder ↗ | H17: 46349 | I17: https://drive.google.com/drive/folders/10EI66bvbebIvsKBTH9nDPdmFB0atbq64 | J17: https://drive.google.com/open?id=1pKDefRl8-cdzrab8aOZIbVy4pfaPGt1_g-TEoJAQeAo
A18: Unit 2 | B18: W14 | C18: Nov 30 – Dec 04, 2026 | D18: Blood Evidence (Part 2) | E18: =HYPERLINK("https://drive.google.com/drive/folders/1EIT5207426lWCpf6ql2olNKOLsp4yNXP","Folder ↗") -> Folder ↗ | F18: =HYPERLINK("https://drive.google.com/open?id=16X42i_LgSIQ2A7EBIZeAQqgRrUJJC-kHi4vcJR2sq7I","VT ↗") -> VT ↗ | G18: =HYPERLINK("https://drive.google.com/drive/folders/1EIT5207426lWCpf6ql2olNKOLsp4yNXP","Week folder ↗") -> Week folder ↗ | H18: 46356 | I18: https://drive.google.com/drive/folders/1EIT5207426lWCpf6ql2olNKOLsp4yNXP | J18: https://drive.google.com/open?id=16X42i_LgSIQ2A7EBIZeAQqgRrUJJC-kHi4vcJR2sq7I
A19: Unit 2 | B19: W15 | C19: Dec 07 – Dec 11, 2026 ⚠ Fri 12/11 Teacher In-Service | D19: DNA Profiling (Part 1) | E19: =HYPERLINK("https://drive.google.com/drive/folders/15H4F0_O8XH6NfcJMIkdYy2qXG83ww69F","Folder ↗") -> Folder ↗ | F19: =HYPERLINK("https://drive.google.com/open?id=1okLRKGBqiHN2ZNrr-hGOwTsNn4L32RkgBkQ1NzYPoag","VT ↗") -> VT ↗ | G19: =HYPERLINK("https://drive.google.com/drive/folders/15H4F0_O8XH6NfcJMIkdYy2qXG83ww69F","Week folder ↗") -> Week folder ↗ | H19: 46363 | I19: https://drive.google.com/drive/folders/15H4F0_O8XH6NfcJMIkdYy2qXG83ww69F | J19: https://drive.google.com/open?id=1okLRKGBqiHN2ZNrr-hGOwTsNn4L32RkgBkQ1NzYPoag
A20: Unit 2 | B20: W16 | C20: Dec 14 – Dec 18, 2026 | D20: DNA Profiling (Part 2) | E20: =HYPERLINK("https://drive.google.com/drive/folders/1BISI-fM35z8WwBPTnlPEVQtAz8GUpT-F","Folder ↗") -> Folder ↗ | F20: =HYPERLINK("https://drive.google.com/open?id=1ib5r9w2asXNgJGOLrJOgixpJSVxzn_sMQtc38GYo9x4","VT ↗") -> VT ↗ | G20: =HYPERLINK("https://drive.google.com/drive/folders/1BISI-fM35z8WwBPTnlPEVQtAz8GUpT-F","Week folder ↗") -> Week folder ↗ | H20: 46370 | I20: https://drive.google.com/drive/folders/1BISI-fM35z8WwBPTnlPEVQtAz8GUpT-F | J20: https://drive.google.com/open?id=1ib5r9w2asXNgJGOLrJOgixpJSVxzn_sMQtc38GYo9x4
A21: Unit 2 | B21: W17 | C21: Jan 04 – Jan 08, 2027 ⚠ Winter break begins Dec 23 · 12/21 & 12/22 are school days | D21: DNA Profiling (Part 3) & Fibers | E21: =HYPERLINK("https://drive.google.com/drive/folders/15xXAFEUloUHquIH7h3IoJ8PRSwl52Bt0","Folder ↗") -> Folder ↗ | F21: =HYPERLINK("https://drive.google.com/open?id=1SjZz1OsukLlGwJnl7Vwi6-YmLqTfJ6q-TLn4p2p-HkU","VT ↗") -> VT ↗ | G21: =HYPERLINK("https://drive.google.com/drive/folders/15xXAFEUloUHquIH7h3IoJ8PRSwl52Bt0","Week folder ↗") -> Week folder ↗ | H21: 46391 | I21: https://drive.google.com/drive/folders/15xXAFEUloUHquIH7h3IoJ8PRSwl52Bt0 | J21: https://drive.google.com/open?id=1SjZz1OsukLlGwJnl7Vwi6-YmLqTfJ6q-TLn4p2p-HkU
A22: Unit 2 | B22: W18 | C22: Jan 11 – Jan 15, 2027 | D22: Fibers | E22: =HYPERLINK("https://drive.google.com/open?id=105xdfZsyzZ0dgOoprxdPU4PvXCRNmzmnXKbrIooXM2g","Agenda ↗") -> Agenda ↗ | F22: =HYPERLINK("https://drive.google.com/open?id=1jq0qwDcfxcOREMKn3nxJPRC_AtxPctug8mG2xctjMns","VT ↗") -> VT ↗ | G22: =HYPERLINK("https://drive.google.com/drive/folders/1Hzf1eiJTGPKIJxLqwr77XYemf4wpvYNZ","Week folder ↗") -> Week folder ↗ | H22: 46398 | I22: https://drive.google.com/open?id=105xdfZsyzZ0dgOoprxdPU4PvXCRNmzmnXKbrIooXM2g | J22: https://drive.google.com/open?id=1jq0qwDcfxcOREMKn3nxJPRC_AtxPctug8mG2xctjMns
A23: Unit 2 | B23: W18b | C23: Jan 11 – Jan 15, 2027 | D23: Fingerprints | E23: =HYPERLINK("https://drive.google.com/drive/folders/1csVnRXQ21snbPMTWvhA4XoBNzCTXTPW5","Folder ↗") -> Folder ↗ | F23: =HYPERLINK("https://drive.google.com/open?id=1_3I21buiMgu-bV3r1cbgwboJmD1tXV_iNiIF0sLH__E","VT ↗") -> VT ↗ | G23: =HYPERLINK("https://drive.google.com/drive/folders/1csVnRXQ21snbPMTWvhA4XoBNzCTXTPW5","Week folder ↗") -> Week folder ↗ | H23: 46398 | I23: https://drive.google.com/drive/folders/1csVnRXQ21snbPMTWvhA4XoBNzCTXTPW5 | J23: https://drive.google.com/open?id=1_3I21buiMgu-bV3r1cbgwboJmD1tXV_iNiIF0sLH__E
A24: Unit 2 | B24: W19 | C24: Jan 18 – Jan 22, 2027 ⚠ Mon 01/18 MLK Day | D24: Hair | E24: =HYPERLINK("https://drive.google.com/drive/folders/1noeDusxYUylGbMcS8KbeXA7i9dKZ3z9x","Folder ↗") -> Folder ↗ | F24: =HYPERLINK("https://drive.google.com/open?id=1oBr9K8-Ac7sxklN1X5NFJLjmXnRp50d4wY8fSLl2X1U","VT ↗") -> VT ↗ | G24: =HYPERLINK("https://drive.google.com/drive/folders/1noeDusxYUylGbMcS8KbeXA7i9dKZ3z9x","Week folder ↗") -> Week folder ↗ | H24: 46405 | I24: https://drive.google.com/drive/folders/1noeDusxYUylGbMcS8KbeXA7i9dKZ3z9x | J24: https://drive.google.com/open?id=1oBr9K8-Ac7sxklN1X5NFJLjmXnRp50d4wY8fSLl2X1U
A25: Unit 2 | B25: W20 | C25: Jan 25 – Jan 29, 2027 | D25: Unit 2 Review & Exam | E25: =HYPERLINK("https://drive.google.com/drive/folders/1pV6i3m-dHD3Psr7ZLm99jC3BzZ-MbaIF","Folder ↗") -> Folder ↗ | F25: =HYPERLINK("https://drive.google.com/open?id=1oBr9K8-Ac7sxklN1X5NFJLjmXnRp50d4wY8fSLl2X1U","VT ↗") -> VT ↗ | G25: =HYPERLINK("https://drive.google.com/drive/folders/1pV6i3m-dHD3Psr7ZLm99jC3BzZ-MbaIF","Week folder ↗") -> Week folder ↗ | H25: 46412 | I25: https://drive.google.com/drive/folders/1pV6i3m-dHD3Psr7ZLm99jC3BzZ-MbaIF | J25: https://drive.google.com/open?id=1oBr9K8-Ac7sxklN1X5NFJLjmXnRp50d4wY8fSLl2X1U
A26: Unit 2–3 | B26: W22 | C26: Feb 08 – Feb 12, 2027 | D26: Cold Case Synthesis (activity doc) | E26: =HYPERLINK("https://drive.google.com/drive/folders/19IlcUxqMHKVnhrNnsOvgWakHwAcngV9n","Folder ↗") -> Folder ↗ | F26: =HYPERLINK("https://drive.google.com/open?id=1oBr9K8-Ac7sxklN1X5NFJLjmXnRp50d4wY8fSLl2X1U","VT ↗") -> VT ↗ | G26: =HYPERLINK("https://drive.google.com/drive/folders/19IlcUxqMHKVnhrNnsOvgWakHwAcngV9n","Week folder ↗") -> Week folder ↗ | H26: 46426 | I26: https://drive.google.com/drive/folders/19IlcUxqMHKVnhrNnsOvgWakHwAcngV9n | J26: https://drive.google.com/open?id=1oBr9K8-Ac7sxklN1X5NFJLjmXnRp50d4wY8fSLl2X1U
A27: Unit 2–3 | B27: W23 | C27: Feb 15 – Feb 19, 2027 ⚠ Mon 02/15 Presidents' Day | D27: Forensic Pathology & Expert in Court (activity doc) | E27: =HYPERLINK("https://drive.google.com/drive/folders/12ZN6ebVwCyKuZ3peGMcnW6m7sx0iOQKb","Folder ↗") -> Folder ↗ | F27: =HYPERLINK("https://drive.google.com/open?id=1oBr9K8-Ac7sxklN1X5NFJLjmXnRp50d4wY8fSLl2X1U","VT ↗") -> VT ↗ | G27: =HYPERLINK("https://drive.google.com/drive/folders/12ZN6ebVwCyKuZ3peGMcnW6m7sx0iOQKb","Week folder ↗") -> Week folder ↗ | H27: 46433 | I27: https://drive.google.com/drive/folders/12ZN6ebVwCyKuZ3peGMcnW6m7sx0iOQKb | J27: https://drive.google.com/open?id=1oBr9K8-Ac7sxklN1X5NFJLjmXnRp50d4wY8fSLl2X1U
A28: Unit 3 | B28: W24 | C28: Feb 22 – Feb 26, 2027 | D28: Intro to Toxicology & Drug Schedules | E28: =HYPERLINK("https://drive.google.com/drive/folders/1iEt4G5e7ySD1cjjWFc2mFmBOrFzqAAL1","Folder ↗") -> Folder ↗ | F28: =HYPERLINK("https://drive.google.com/open?id=1HswH502I1eYLbyf4NtncKWXgkVzGD9CFBE-sRKFHXQw","VT ↗") -> VT ↗ | G28: =HYPERLINK("https://drive.google.com/drive/folders/1iEt4G5e7ySD1cjjWFc2mFmBOrFzqAAL1","Week folder ↗") -> Week folder ↗ | H28: 46440 | I28: https://drive.google.com/drive/folders/1iEt4G5e7ySD1cjjWFc2mFmBOrFzqAAL1 | J28: https://drive.google.com/open?id=1HswH502I1eYLbyf4NtncKWXgkVzGD9CFBE-sRKFHXQw
A29: Unit 3 | B29: W25 | C29: Mar 01 – Mar 05, 2027 | D29: Toxicology & Forensics | E29: =HYPERLINK("https://drive.google.com/drive/folders/13YeLbIHejvE9Gs_J7KJNTBj7FcH3UB0V","Folder ↗") -> Folder ↗ | F29: =HYPERLINK("https://drive.google.com/open?id=1EvL9bVKLdcvHSVQhNB4PoCGyi_wW66TSTjXePNgYbpc","VT ↗") -> VT ↗ | G29: =HYPERLINK("https://drive.google.com/drive/folders/13YeLbIHejvE9Gs_J7KJNTBj7FcH3UB0V","Week folder ↗") -> Week folder ↗ | H29: 46447 | I29: https://drive.google.com/drive/folders/13YeLbIHejvE9Gs_J7KJNTBj7FcH3UB0V | J29: https://drive.google.com/open?id=1EvL9bVKLdcvHSVQhNB4PoCGyi_wW66TSTjXePNgYbpc
A30: Unit 3 | B30: W26 | C30: Mar 08 – Mar 12, 2027 ⚠ Wed 03/10 Teacher In-Service | D30: Toxicology Review & Assessment | E30: =HYPERLINK("https://drive.google.com/drive/folders/1m6RhiRFi8f7t7QHvE4eX5v3Ey7hVq3YS","Folder ↗") -> Folder ↗ | F30: =HYPERLINK("https://drive.google.com/open?id=16mHzbH9VSToSpHJaf2AvnTMiwnZHcAHD2c7bwG9hRB4","VT ↗") -> VT ↗ | G30: =HYPERLINK("https://drive.google.com/drive/folders/1m6RhiRFi8f7t7QHvE4eX5v3Ey7hVq3YS","Week folder ↗") -> Week folder ↗ | H30: 46454 | I30: https://drive.google.com/drive/folders/1m6RhiRFi8f7t7QHvE4eX5v3Ey7hVq3YS | J30: https://drive.google.com/open?id=16mHzbH9VSToSpHJaf2AvnTMiwnZHcAHD2c7bwG9hRB4
A31: Unit 3 | B31: W27 | C31: Mar 15 – Mar 19, 2027 | D31: Intro to Death & What Is Death | E31: =HYPERLINK("https://drive.google.com/drive/folders/1dE9ozFTmLUgySdTKl5XscTLOjdsB-qYZ","Folder ↗") -> Folder ↗ | F31: =HYPERLINK("https://drive.google.com/open?id=1KmbHUXdcV6yrq36A6RCwj-z2vwUGwE-Tet2xguyoE64","VT ↗") -> VT ↗ | G31: =HYPERLINK("https://drive.google.com/drive/folders/1dE9ozFTmLUgySdTKl5XscTLOjdsB-qYZ","Week folder ↗") -> Week folder ↗ | H31: 46461 | I31: https://drive.google.com/drive/folders/1dE9ozFTmLUgySdTKl5XscTLOjdsB-qYZ | J31: https://drive.google.com/open?id=1KmbHUXdcV6yrq36A6RCwj-z2vwUGwE-Tet2xguyoE64
A32: Unit 3 | B32: W28 | C32: Mar 22 – Mar 26, 2027 | D32: Stages of Decomposition & The Body Farm | E32: =HYPERLINK("https://drive.google.com/drive/folders/16pxsfcoyy-gBRuxtu2l2qlkMiJ_3Tuer","Folder ↗") -> Folder ↗ | F32: =HYPERLINK("https://drive.google.com/open?id=1Na4rSGlIJXMgKjILGGmAlcad6_bJJkjU6vDeECFNgYo","VT ↗") -> VT ↗ | G32: =HYPERLINK("https://drive.google.com/drive/folders/16pxsfcoyy-gBRuxtu2l2qlkMiJ_3Tuer","Week folder ↗") -> Week folder ↗ | H32: 46468 | I32: https://drive.google.com/drive/folders/16pxsfcoyy-gBRuxtu2l2qlkMiJ_3Tuer | J32: https://drive.google.com/open?id=1Na4rSGlIJXMgKjILGGmAlcad6_bJJkjU6vDeECFNgYo
A33: Unit 3 | B33: W29 | C33: Mar 29 – Apr 02, 2027 | D33: Livor / Rigor / Algor Mortis (Time of Death) | E33: =HYPERLINK("https://drive.google.com/drive/folders/1k3yJR5ZxudOPpkUB50pev1GaL_ZHc9Aq","Folder ↗") -> Folder ↗ | F33: =HYPERLINK("https://drive.google.com/open?id=1C6AGVsT0iRU7v8knb3NAnvZAGUZvBVDz4HYOmKpeT94","VT ↗") -> VT ↗ | G33: =HYPERLINK("https://drive.google.com/drive/folders/1k3yJR5ZxudOPpkUB50pev1GaL_ZHc9Aq","Week folder ↗") -> Week folder ↗ | H33: 46475 | I33: https://drive.google.com/drive/folders/1k3yJR5ZxudOPpkUB50pev1GaL_ZHc9Aq | J33: https://drive.google.com/open?id=1C6AGVsT0iRU7v8knb3NAnvZAGUZvBVDz4HYOmKpeT94
A34: Unit 3 | B34: W30 | C34: Apr 05 – Apr 09, 2027 ⚠ Fri 04/09 Teacher In-Service | D34: Autopsy Week (+ Pig Autopsy / Necrobiome materials in Unit 3 folder) | E34: =HYPERLINK("https://drive.google.com/drive/folders/1ovwwHcYCJhKqjwz0Mm0g9XSilKB6HI_H","Folder ↗") -> Folder ↗ | F34: =HYPERLINK("https://drive.google.com/open?id=18G3CJXHkkbiLKz8HfptE5DGjroxj6eSAFDdtMlsYIz4","VT ↗") -> VT ↗ | G34: =HYPERLINK("https://drive.google.com/drive/folders/1ovwwHcYCJhKqjwz0Mm0g9XSilKB6HI_H","Week folder ↗") -> Week folder ↗ | H34: 46482 | I34: https://drive.google.com/drive/folders/1ovwwHcYCJhKqjwz0Mm0g9XSilKB6HI_H | J34: https://drive.google.com/open?id=18G3CJXHkkbiLKz8HfptE5DGjroxj6eSAFDdtMlsYIz4
A35: Unit 3 | B35: W33 | C35: Apr 26 – Apr 30, 2027 ⚠ Fri 04/30 Teacher In-Service | D35: Intro to Entomology & Time of Death | E35: =HYPERLINK("https://drive.google.com/drive/folders/1EE5CtmQ7lZtdSsbA0YL5px5xIi8cjXzK","Folder ↗") -> Folder ↗ | F35: =HYPERLINK("https://drive.google.com/open?id=1TuSrBkj6t2UlQpuCB2KO84IAtZvnwrql_CPptARCtGg","VT ↗") -> VT ↗ | G35: =HYPERLINK("https://drive.google.com/drive/folders/1EE5CtmQ7lZtdSsbA0YL5px5xIi8cjXzK","Week folder ↗") -> Week folder ↗ | H35: 46503 | I35: https://drive.google.com/drive/folders/1EE5CtmQ7lZtdSsbA0YL5px5xIi8cjXzK | J35: https://drive.google.com/open?id=1TuSrBkj6t2UlQpuCB2KO84IAtZvnwrql_CPptARCtGg
A36: Unit 3 | B36: W34 | C36: May 03 – May 07, 2027 | D36: Entomology Review, Forensic Anthropology & Human Skull | E36: =HYPERLINK("https://drive.google.com/drive/folders/1R3M3C0dc0h5M3tX80-6Kzgp5zC3Gxwko","Folder ↗") -> Folder ↗ | F36: =HYPERLINK("https://drive.google.com/open?id=1sbT6z6zDgZyURg1QMek_6tz8uEg7qFHkASjQPq-pePQ","VT ↗") -> VT ↗ | G36: =HYPERLINK("https://drive.google.com/drive/folders/1R3M3C0dc0h5M3tX80-6Kzgp5zC3Gxwko","Week folder ↗") -> Week folder ↗ | H36: 46510 | I36: https://drive.google.com/drive/folders/1R3M3C0dc0h5M3tX80-6Kzgp5zC3Gxwko | J36: https://drive.google.com/open?id=1sbT6z6zDgZyURg1QMek_6tz8uEg7qFHkASjQPq-pePQ
A37: Unit 3 | B37: W35 | C37: May 10 – May 14, 2027 | D37: Forensic Anthropology — Pelvic & Long Bones | E37: =HYPERLINK("https://drive.google.com/drive/folders/16tLr2FU7HB2d19Ked6DMexef0-jz2JNZ","Folder ↗") -> Folder ↗ | F37: =HYPERLINK("https://drive.google.com/open?id=1ajqhzbmaq43OZPg0yQT4qTTR47neKBOATHX3jMu1WTY","VT ↗") -> VT ↗ | G37: =HYPERLINK("https://drive.google.com/drive/folders/16tLr2FU7HB2d19Ked6DMexef0-jz2JNZ","Week folder ↗") -> Week folder ↗ | H37: 46517 | I37: https://drive.google.com/drive/folders/16tLr2FU7HB2d19Ked6DMexef0-jz2JNZ | J37: https://drive.google.com/open?id=1ajqhzbmaq43OZPg0yQT4qTTR47neKBOATHX3jMu1WTY
A38: Unit 3 | B38: W36 | C38: May 17 – May 21, 2027 | D38: Forensic Anthropology Lab, Review & Assessment | E38: =HYPERLINK("https://drive.google.com/drive/folders/1_ekC-cAORs7LW1XAPijg7P7dgcQfMIIN","Folder ↗") -> Folder ↗ | F38: =HYPERLINK("https://drive.google.com/open?id=1ajqhzbmaq43OZPg0yQT4qTTR47neKBOATHX3jMu1WTY","VT ↗") -> VT ↗ | G38: =HYPERLINK("https://drive.google.com/drive/folders/1_ekC-cAORs7LW1XAPijg7P7dgcQfMIIN","Week folder ↗") -> Week folder ↗ | H38: 46524 | I38: https://drive.google.com/drive/folders/1_ekC-cAORs7LW1XAPijg7P7dgcQfMIIN | J38: https://drive.google.com/open?id=1ajqhzbmaq43OZPg0yQT4qTTR47neKBOATHX3jMu1WTY

Sheet File IDs (do not delete)
A1: FILE ID REGISTRY — 2026-27 Biology curriculum (do not delete)
A2: Generated 2026-06-08 by walking the 02 Weekly folders tree. The ID is the stable handle — filenames may change when folders are reorganized.
A4: TOP-LEVEL | B4: ID | C4: Link
A5: Master Agenda —2026-27 v5 | B5: 1Tqh7eB_I3z-eP9FYMCPvNVclmR9VGXVaae0ZdRICy1g | C5: https://docs.google.com/spreadsheets/d/1Tqh7eB_I3z-eP9FYMCPvNVclmR9VGXVaae0ZdRICy1g/edit
A6: Live Lesson Index | B6: 17wfpiu8bMXQkDnf78CtTCeDSycGpmAY_QPgCZKSeUOQ | C6: https://docs.google.com/document/d/17wfpiu8bMXQkDnf78CtTCeDSycGpmAY_QPgCZKSeUOQ/edit
A7: 02 Weekly folders (root) | B7: 1t3OHKT4w5QwPYp_W-AEc2IhZc7BAl2ky | C7: https://drive.google.com/drive/folders/1t3OHKT4w5QwPYp_W-AEc2IhZc7BAl2ky
A8: MP 1 folder | B8: 1pjCxD1gosscGc8zuf78Q9c349hQGJzPf | C8: https://drive.google.com/drive/folders/1pjCxD1gosscGc8zuf78Q9c349hQGJzPf
A9: MP 2 folder | B9: 19h6-BlCQowm9dsOB-6DgAy9qzgzxjint | C9: https://drive.google.com/drive/folders/19h6-BlCQowm9dsOB-6DgAy9qzgzxjint
A10: MP 3 folder | B10: 1VCAoIrrLqc1jFWkhh5GWo4toSIbsXSxe | C10: https://drive.google.com/drive/folders/1VCAoIrrLqc1jFWkhh5GWo4toSIbsXSxe
A11: MP 4 folder | B11: 1fLx6y1hFpnCYrfDvvlEVz1HO2kDCWqS8 | C11: https://drive.google.com/drive/folders/1fLx6y1hFpnCYrfDvvlEVz1HO2kDCWqS8
A12: FEEDBACK_AI_WORKSPACE | B12: 1DtpJZuQvlabCGgBm6GdmB9SfAK5Z0rg4 | C12: https://drive.google.com/drive/folders/1DtpJZuQvlabCGgBm6GdmB9SfAK5Z0rg4
A13: Trendy Originals | B13: 1PnJaf_kKZLH8ASUwAGSdKHAmZngSvWVj | C13: https://drive.google.com/drive/folders/1PnJaf_kKZLH8ASUwAGSdKHAmZngSvWVj
A14: Teacher Dashboard v25 (grading pipeline — separate system) | B14: 1FYOMv6vxbAOjSB-6gGNOxrxAlOR5VnroyNcotDytOY4 | C14: https://docs.google.com/spreadsheets/d/1FYOMv6vxbAOjSB-6gGNOxrxAlOR5VnroyNcotDytOY4/edit
A16: PER-WEEK (02 Weekly folders)
A17: MP | B17: Week folder | C17: Folder ID | D17: VT deck(s) (name → ID) | E17: Activity guide ID | F17: Other lesson deck(s) (name → ID) | G17: Weekly agenda ID
A18: MP1 | B18: Week 1 Introduction to Biology | C18: 1aw6oBV-FoJ_b5voHutoIwK0lCkV4rJsE | D18: Lab Safety Symbols Lesson (VT) — Student Slides → 1HiTUs_7O4-ZAiSMcjwkP_lScwGWJSnZVlWRb-KELTAs Syllabus — Day 1 VT → 1wAHI9Tl96M5QgrURpf6NSNa4joXIyluPboAvO1f9r9c | E18: 1ADagAL_eN_5H7v22cn-jL4Ru1gZr1VFfK-so5wXSKQo | F18: Lab Equipment Lesson (keep as activity, link for reference) → 1fDcA1p20NCrULWDMjKFJqf2hUc8aQZ7p_WWzZ6i1bNQ | G18: 1UJiMFIShmPrxWF8hBppLs5AeHcgxKVM7xfvDGofxwTI
A19: MP1 | B19: Week 2 Ecosystems and Change | C19: 1jrW64r1IbSBbUSDveXT1t77EiGyRzdTW | D19: Introduction_to_Ecology_Lesson_VT_v2 → 1eKKO97GWKn3YlJ6QZMczp2_-HMQTWZecY4djTLXApII | E19: 1_dP2Wk4ApTQTss0yTMHuxlTLE-Y5x5ab | G19: 1LGwGpJde--O68MvwEsjB1H6XeAz0Bz4JWXZingNygK8
A20: MP1 | B20: Week 03 Energy flow intro | C20: 1l-yFgnR7dH0XTQhbsj4BPOsaeYV6nyF5 | D20: Intro_to_Energy_with_VT_Inserts → 1haekvmGSRGaZ_fx8AmOTHqIgrpJzMMKNxDx0Vwsv9i8 | G20: 1jdr6IQb4MS5jSuuxSoHZclPACRPFmBmTowBeOUof4Fc
A21: MP1 | B21: Week 04 - Energy Flow | C21: 1M9qdGpNVGkDcogy1UuKvWOSFuQOls1qM | D21: Energy Flow Lesson (VT) → 1cKGx8_epG4N7YDenIBusHHAyCae_yjfqia7T2jXv7AY | G21: 1-97q8JS0mNlhoSHaEFCHYAxnrPBaBvK-hgtVUWxb8Ck
A22: MP1 | B22: Week 05 - Energy Flow biogeochemical cycles | C22: 1q-6hEu9nMp36bhA4vHAnnp-TWk_AI2Aj | D22: Biogeochemical Cycles_VT → 1HSiDAkEFolSlrI4sRIrmsL2lMRu1wjgjp1vqIBQYmN4 | E22: 1AV4Fng4tk0qpUeucKG9_MWgsC5Z7ctbgrOkCsPr-gd8 | G22: 1rPKRvErn42Ah_esksYtjLeSb7Z33RKeuqJZIva_t8bI
A23: MP1 | B23: Week 06 - The Photosynthesis and Cellular Respiration Shuffle | C23: 1ygP5DDpAXQHHfGfScxXG7AZOoIMSE9Xk | D23: Photosynthesis Lesson (VT) — Student Slides → 1Hd9NtbGYe51tRhFfG_ho6b08-frJxIdqHFXWw30vTlc | E23: 1qE87J_GBR_PgD_erwqOIg0SOADHe2m2m-ADD87tWR_4 | G23: 1ukuTeNavYt_IKN5dxeezpgK9CSygcK_b4T_3h2iCueI
A24: MP1 | B24: Week 07 Respiration and Photosynthesis in Plants | C24: 10h4YeyGl6kY1arm-TtqPyQq9hCt9mG29 | D24: Cellular Respiration VT → 1406evMFVQk0gePdl0I2ThhYSc5asi9F4Xf8xOxRFLcA | G24: 1jnIESeFIDqhSx-5ZCR3Cr-sMR7I3KP_B5MD97zVC9bY
A25: MP1 | B25: Week 08 - Fermentation | C25: 1w-5HRl816HyAqEz8p2x9R5dMfg0ugqSd | D25: Fermentation Lesson (VT) — Student Slides → 1YOICMwUOd2-dr1tjFmSG4qT-rrQHTGPHqo7Fvlf1_Jg | E25: 1YOVgJfeBesli4rULdYemh5HvIbVI5xEWfdr-HpWzgUM | G25: 1Q_OcbnAyjcouQqrurZgxF1s9NawIYSNHJrFFtFvxlz4
A26: MP1 | B26: Week 09 - Succession | C26: 16mgZc4zk_PlGTM2Hcmg9srEWRSu6syec | D26: Ecological Succession (VT) — Student Slides → 19WtT0nztgVfwZlaPxAtUCWWJnB5_44_m_49GG-RzRC0 | E26: 1picLFOdM9HpU6OEgIvaYygZVN6bfkKfd_ioeaHpKvaI | G26: 1idtVzpa6MP0lGpT1G_c3NNyct9Mg2CgnMHTvZ_0IuTQ
A27: MP2 | B27: Week 10 - Population Ecology | C27: 19ZqIMg1IWYJXSfml2nFCapJyW0Kcg5wt | D27: Population Ecology (VT) — Student Slides → 12phINg5KMROUFtxfmYX2Hn9yzSUWejBCCrfQ5hSWUJs | E27: 11bKSsu0IMpk3VxrPLM8i3WGS2McA6BBnUbIlgYTTz6o | G27: 1yEUM7HMAZ0aSvFN8q9FS00CuoTm-7n6iNmZRcZ4x1vI
A28: MP2 | B28: Week 11 - Intro to Cells | C28: 1Tw5cEusMRlq_dX0HiFVZRr5CWVpWsWBj | D28: Intro to Cells (VT) — Student Slides → 1v8ZnKnZ5dyJ39MB1kVhu3ZhHWE2yT4M4kR0tps2BBjo | E28: 1vdHurbGzchfFEP-FTkv0ha-6NeW1Qn-gwxQoEyyqlD4 | G28: 1uxddvf2AaMEq16dFs2N9rI9Wqkm61LIJgru3kKafbUI
A29: MP2 | B29: Week 12 - Cell Organelles | C29: 1xBzu_zeM_2Vc3Rin3Cowa_LBXlnApYFM | D29: Cell Organelles (VT) — Student Slides → 1QvbUFoXZcC7DP8GLagFFqmrMx9bwwARmQkPSn059BXA | E29: 1_cUYTMRJZWq1KfAaPCnS2k-589H8YldFgaRIKAGBVtI | F29: Cell Organelles Stations → 1tGlxc47pWAIB9EQt3XZd7M1CK4Gb6ON3JJc4NDXJOz0 | G29: 16U0eYUHgZFB2P1Tgn7Yqx75R-V5mfBE6_jBB0JHUW0c
A30: MP2 | B30: Week 13 - Get Ahead Week | C30: 1oa-XQxJAXu3Uyv1xh3N6LmfhNMGy2NzI | F30: Cell Membrane Lesson → 1qbEC3Ue45CDyDXUA1chvFs6UseRA18NbMWA2kuBHSOA | G30: 1FNH_RLKIqEoAhORnzw3bm4tbvDNRDu98kGyo1V6PrZ0
A31: MP2 | B31: Week 14 - Cell Membrane | C31: 14qokLElvDM4VyqF905wHOBfHOGM21WjO | E31: 14CmVmMyYCp7Z4BWkVMjZ4f2gDPT3_4I0 | G31: 12pTda31YZaRH3dZ89hKoSkhlybkWqtqMFqFtVTvaSCw
A32: MP2 | B32: Week 15 - Cell Transport | C32: 1rXFhD1KYT3FKTagzZXJ2CVUa2sw5UgkN | E32: 1wM-cc_FBQMpwVN0qqiEPULUebj4EyWj0 | F32: Cell Transport Lesson → 1Fi14HAOjoVtHm4pUI4PZ1fIpwreYEASu3-TjmhsNWxM | G32: 1m3eF-KHjb1AKCZG8odI28ZSUZlaKNC9XC5VAuvc5IYQ
A33: MP2 | B33: Week 16 - Enzymes and Proteins | C33: 1FvhitVnJ7lakJ8ycUYzD2Y3tGnXshJ8g | E33: 11O6-i3f_W6JEPhfV2o4wUHfvS-GffbYf | F33: Enzymes Lesson → 1gNBzLT57xHNjkoIIDhhuu03m5HRr97PYof4GObHkv5w | G33: 1O9n9i5BRelRFW1jG3Y0mreKJJuuqXRGXGRQ9uo39-8Y
A34: MP2 | B34: Week 17 Cellular Respiration and Glycolysis | C34: 1nAsTFRWIOnIxqMzB5puEN8Fqq8zdgNgT | E34: 1p7J0FTKFFBK0gOF99CZ8f7EfsRHJ842_ | F34: Cellular_Respiration_and_Glycolysis_revised → 1ub2pACvXqnpvvqWNkLo-iq0wJmkyXmmgS4PMamAeADQ | G34: 19iROR7pcXcCQSaF9q1qBDwoCgfRKnRK_qwb8OmUg6dA
A35: MP2 | B35: Week 18 - Cell Regulation and Cancer | C35: 13RiPJcPdOnzpdt2DuB2rSAp9MW0TJGPy | D35: Cell Regulation and Cancer (VT) — Student Slides → 1_prQJg8LMprcUqAk9uCE3YXqcwbGbHcwaNdst8U9ntw | E35: 1bqDc9rTAPKyOYPkZYZ1Jnhd3CbRLDTMZ0luErPo9UF8 | G35: 1Lay4DE1eMgWlXDwhZ_FBrI2hjmzgS-9hRXU2Ce2cUig
A36: MP3 | B36: Week 19 - The Cell Cycle | C36: 1zMoUtJSiZDuJhX9EuC-Rz2YHxIOS6ow4 | D36: The Cell Cycle VT → 1-soPk3-_eNHVQdQJ0G7d0iGr7MHzTilRngRK4rGM8dE | E36: 1GA7rAU60r6tu3aq3XYvEX6kpe_PPMi3p | F36: The Cell Cycle Lesson → 1YqSeY5xD1wRN14iBadM33l_xugUsB42Oum3k1iwn_Q4 | G36: 1b3q2PsmL784hBLzDYlnqn1KnNMJyqBtbTUwEIzt09RY
A37: MP3 | B37: Week 20 - Asexual & Sexual Reproduction | C37: 1u6H71nCwdnm--H1fcyPHcHxo9Ewmnnwa | D37: Asexual & Sexual Reproduction VT → 1QNOE91kzZXBTvFp-hGZTTTyWj1yUuOOumP_QIE45Ii0 Asexual & Sexual Reproduction VT — Insert Slides → 1H5p8dBr-mnuRc3fz9sREwk_xMpDcyf1OkT64G6f6hms | E37: 1ZZV9d_JcUxIM3yjVKoRD5ldJgfrNICXC | F37: Asexual_Sexual Reproduction DNB → 1LV575gyFct7Wt5jmX6M5X-1ZQLPICUmuJHDy1q-XrpA | G37: 1sdNtydvPva_qiId9pWCDlFnN6WsU0Makt3zIpWoSVaQ
A38: MP3 | B38: Week 21 - Stem Cell Differentiation | C38: 17T_wwiyqv4Q_hiKmoWuDePszcxnRJApB | D38: Stem Cell Differentiation VT → 1BXJFyQcNfYf5QTUiD8ow7wF8PM2CzBIBU8Se3okS_EQ | E38: 1l4Ggk0SFFW_nMjxEVicNLkCDwCZG0foK | F38: 24 → 1DGumjzvGwztZCWBV_uy_c5DCPBAXiSy0VcGoJbkgfUM | G38: 1mzNBa8ziSZ9935eZ3OoIbVj8PEGTAP3W181-aEuxFXY
A39: MP3 | B39: Week 22 - Introduction to Heredity | C39: 1iZ3HgmIvXIEcTaYbEqmSipYl8NIXvK62 | D39: Introduction to Heredity (with VT inserts) → 14bm13l3KBEflLiuCcUtP9_uNv0i3udaLHzQNn-aBnpg | E39: 1X-_WmeJ0mhT2nclPSJMUln_HiD_-5Kqs | F39: Copy of PoL2e-Fig-07-11-Layered-Mitosis and Meiosis A Comparison → 1vSozKKIJ8cxhdZtsbXMatVGnqcSDGSNRJOKFNt5Pims | G39: 1jNq_uZ1q9g-bEkRoS9AboxUIXl44bDeZo4X463NKelI
A40: MP3 | B40: Week 23 - Intro to Genetics & Mendel | C40: 16CZB3Sn918GUopd0xh1T4YKPMsOd0MBr | D40: Mendelian Genetics (with VT inserts) → 1-BZCWCQwOQ14jocdkjQ7oN8BWe4x6qdakffPLbsJZ2g | E40: 1SaPFOclh8vUNyyRfj_KqyEn1UBd_8DQo4r5zlKcoZk8 | G40: 1odSKZquAYZL3TmlTpfNccbIYOYDvdZz6AQ498UMk4rU
A41: MP3 | B41: Week 24 - Genetics Continued: Punnett Squares | C41: 1H0-KS4pihJW7Ud8bBRf7xeXU_Zfuk9z7 | D41: Genetics Continued (with VT inserts) → 1q0C1-WIbxkMGwXeIPxJzydVCFj-ePeTYUQPKRQL-NSw | E41: 1VkT6jpOrdqtPH0uC2aLr05sMAFe9BTZqRJtxnwsSdTg | F41: Pedigrees Lesson → 1qnJ3-O1lPiG7rXAoWVrG-0Vwk4qfQr0B5Dt3iY6dALw | G41: 1TAk7g9MuSuEec2l2xGUdGXcd7AA5SA2Dk59PsuY1its
A42: MP3 | B42: Week 25 - Dihybrid Crosses | C42: 1NSn-A8Hv0vq4fr8SGzUhqOkPtHd0tK-x | D42: Mendels Laws & Dihybrid Crosses (with VT inserts) → 1yEkWLTUpHxTRl7Ur6qru5JVrTy4aQLqDiaxKm4ImRUk | E42: 1_5cvReY_d1DZ3wrneuIRr3zZ6-eH63JfKrUdi7k3PWs | G42: 1T1-zThea7W2GcbShafnzcR2t8Di4SBzaW3cwg6Wu2MI
A43: MP3 | B43: Week 26 - DNA Structure | C43: 1ZhIvwdkvpIFGTyvoXc1jxJubZ5ORXT5V | D43: DNA Structure — VT Inserts → 1MEn7DM5N9IVLaZ61kfIrJ2uzV1z1O5e2AATrNeI6qe4 | E43: 1JEOZFJaPLKg4NYAS1E3-3gUA4PGF5vAb | G43: 1a1qKMmdtEnGUmNPO8a2wbxo36-Mzk1NgDEjDvQTskQc
A44: MP3 | B44: Week 27 - DNA Replication | C44: 1tmVldIuVYKb7Fb1K3GGwRd2U0jdcbqth | D44: DNA Replication VT (3-Tier) → 1a7L6eswsBcKCu3rh4hfA2sxD0H7ohzFSIVUGuaGjsr4 | E44: 18CV6b5OK7Nql15gESLXphjavYIezvHK_ | G44: 1votUPAGh-BnezTW47wJitXkspJgtXHe0nkLZjhAoXrs
A45: MP4 | B45: Week 28 - Meiosis and Sexual Reproduction | C45: 1u4HQ8KCNwn9t5pTPkBNj0BhrE_xYuKpG | D45: The Process of Meiosis — VT Inserts → 1muSsL4GWQmJOrRWsTYCPTH-3ai3CILoEKOpoNox9oW8 | E45: 1y7NQdEshCmt6nXHEcHEG4c9mhdZvAIgzwMazvVztF8A | G45: 162UNyJig8nNdKyQvItHe8xyXaA9Li86FpDUBobid6fQ
A46: MP4 | B46: Week 29 - Genes and Chromosomes | C46: 1j_zugc-LYuPFqvIDd5Zuf0-qcrKzyqEh | D46: Genes and Chromosomes (VT) — Full Lesson → 12A8Y2Sow0Jw-2QIcq8dqeJ_4CI7Db6qWDFEwtE1FeEA (student-slides + Meiosis decks pending trash) | E46: 1KAhlgmMITFjOBfzyzOh8P0iPpnb-J3Jj | G46: 1kf1rinfdSm3Bv518YXD_aoP1ozWlzaBT70DFT9QOe54
A47: MP4 | B47: Week 30 - Protein Synthesis Transcription and Translation | C47: 18BXCourmJnrMqeitagZy9aaWQ7ewKAqb | D47: Protein Synthesis.VT → 1MmhNPP9-0EthzIwwzv0bcUpHB5tXmbKv6TyJAlqwVi0 | E47: 1o4_GJwpks9OSG7YNv061aQT0Ef53AbWt | F47: Protein Synthesis (Extension) Lesson → 1OuD-xotTPvdAOelHozWrv7jxhaZdW85cFeDu4qk9P-A | G47: 1INs76QDjnkWTVHd1jDdxxmxOd_eQdrLZeEbri-pv0kw
A48: MP4 | B48: Week 31 - Cell Differentiation and Gene Expression | C48: 1W2xKDSg3O79TlJlkS3R_pP0V76POHS4i | D48: Biotechnology VT → 1ucYyrZ7JkDHrFCx7fZ7aVYZn-KvTB8mcMBT1tTUjqlQ Genetic Mutations VT → 1nY-kFY8q_ZOfhUJR53MvpiXU_5aIsUaFwXZKH4Ql2Aw Mutations and Genetic Disorders VT → 1vp1U1P5nIElUnWZ1QlUpGhJNxTYIce4NutF5KEG95NU | E48: 107vXVtSOnySUvYPEIaex5jubUaBAJ81U | F48: Biotechnology Lesson → 1HEubuP4PMn2VZdinLxP0LnENCfnWOvXkemFJtcUhukU Genetic Mutations Lesson → 1YLnvRO-Z2kMu--FAzY6EvyiUBTTuGuSiSUHuwJmV5Yg Mutations and Genetic Disorders Lesson → 1nyPkRXvwjA9tmAO0HzBGQ8NckZFRxqr5XOzGGsmBktg | G48: 1H4CaZoAq0SmDcV7ua-7txxCJfrmjNgRPYF5kNW_Zxro
A49: MP4 | B49: Week 32 - Darwin and the Development of a Theory | C49: 1jv23eIOW0TR8AjfgY6DcfGMyfYVbpTbQ | D49: Intro_to_Evolution_VT → 1O135e47JJREZIVzcm47cRhaVdvUR1byasz9sEfQN3J0 | E49: 1vVaTcC1dwPMGEBLyFmD8UHT00j46QgIX | G49: 1f0b3e9_D3wR_l7JFlxxH8ARW1kPEWGBYIMv-_munnr4
A50: MP4 | B50: Week 33 - Using Fossil Evidence to Investigate Whale Evolution | C50: 1FsOZVdktgJWZwUpKPWHSi04N9REx2y-1 | D50: Evidence_of_evolution_VT → 1BEMdtVdr9lM-E2srb2toqhAUjgYC6H--o4eoVAJjDdo | E50: 1ZXv7b7iMbSaZP7whiTDcSKVRvml-8Jq_ | G50: 1Dq0h2thIdYmo-VDhuzmDZFS_g59eO8ZWKpnjmqkpY5Y
A51: MP4 | B51: Week 34 - Natural Selection | C51: 1Z8s2IFNaGmCYuNfFyOSOmMzSSozp_V_0 | D51: Natural_Selection_VT → 1JWDRCr-kG29zkh5tn3xTadLkT1vO0ZjztqiouhaQh6Q | E51: 15UCHtM0uIXt77A3-REn8whCPhaABFK9N | G51: 1xA7njv_I-54J5bJVkTXaY_1nl-_JzLZtbBZFikuCqJ0
A52: MP4 | B52: Week 35 - The Genetic Basis of Adaptation | C52: 1Rwi2WAipER8KM-4thtqRxwLl6p8TO4Gt | D52: Population Genetics VT — Insert Slides → 1xEiAA2N_phvzqN384SGRA0g38DJUojFpXK4x2SzdkXs | E52: 1wNn0Xpiotstvo7oZ0j5APZILwvB3MaES9Ymdjyh0zr0 | F52: Population Genetics Lesson → 1tNM286TRPWg90WbpGbc9GKbCOhcKhRa92-EEjZFdIbg | G52: 1k_aBr22N5MXXBsq2uI7HjOT7i5ILugLw03Tz64RUuGE
A53: MP4 | B53: Week 36 - The Processes and Outcomes of Evolution | C53: 1ZDFeBWJX3BN9Gkub_-l9jfEXZbCiVf47 | D53: Classifying_Organisms_with_VT_inserts → 1O6yNvUUdCKjAVaTgci9MqiBjhJPK0ZtPR6CxgutWO3k Evolutionary Patterns VT → 1CTukWBxG11MN1E7ZG0idRTA01XxE3HaOsNjKt2vYRP4 | F53: Evolutionary Patterns and Processes Lesson → 17YDah_9M2FPKi7czp-wv0y_B0sBQnUzk6t5zR4XN4AA | G53: 1F1rFXJE2hT0xyHLrzDJmk2UmiC0r_WndSua-FvaFpfE
G54: 1vyEAFFf2rSFKqA-_PLyjfMYSglKmthI2diri2GKbFIU
A55: FORENSICS — ACTIVITY MATERIALS (Wk 10 / 22 / 23 · added 2026-06-11 · in Forensics root folder)
A56: Name | B56: ID | C56: Link
A57: Wk10 Mock Crime Scene — Student Packet | B57: 1rHY-4K2t5oBrBufIbuB71mQ-X7dvproI | C57: https://drive.google.com/file/d/1rHY-4K2t5oBrBufIbuB71mQ-X7dvproI/view
A58: Wk10 Mock Crime Scene — Teacher Setup & Key | B58: 1eSZ4Rblxf-1jzj2KsaBclcXNUyVIJADh | C58: https://drive.google.com/file/d/1eSZ4Rblxf-1jzj2KsaBclcXNUyVIJADh/view
A59: Wk22 Cold Case Synthesis — Student | B59: 19IlcUxqMHKVnhrNnsOvgWakHwAcngV9n | C59: https://drive.google.com/file/d/19IlcUxqMHKVnhrNnsOvgWakHwAcngV9n/view
A60: Wk22 Cold Case Synthesis — Teacher Key | B60: 1L_ehzJbZg7gB5ylolMFdtaXb3ld0URPN | C60: https://drive.google.com/file/d/1L_ehzJbZg7gB5ylolMFdtaXb3ld0URPN/view
A61: Wk23 Forensic Pathology & Expert in Court — Student (+ teacher notes) | B61: 12ZN6ebVwCyKuZ3peGMcnW6m7sx0iOQKb | C61: https://drive.google.com/file/d/12ZN6ebVwCyKuZ3peGMcnW6m7sx0iOQKb/view
A63: FORENSICS — PER-WEEK (activity guides + weekly agendas · added 2026-06-13 · guides in lesson folders; agendas in _Weekly Agendas folder 1eyQXoUfWfsk0hwl250ytc1buwf7Trd9N)
A64: Wk | B64: Dates | C64: Topic | D64: Type | E64: Activity guide ID(s) | F64: Weekly agenda ID
A65: Wk01 | B65: Aug 31–Sep 04 | C65: Course intro / syllabus | D65: stub | F65: 1pNoDe7m1a5q8hBjbu8UsOQ0wUGUv89w1htgb4SzXrWk
A66: Wk02 | B66: Sep 07–11 | C66: Course intro / lab safety | D66: stub | F66: 1tzGBkVQJequgoofZepvfY3A-byLwLdOpWjc9im7fmq4
A67: Wk03 | B67: Sep 14–18 | C67: Introduction to Forensics + Eyewitness Accounts | D67: teach | E67: 1oz7RKo0CgKJruWHNQ8jq5Zik2QeUtDU5XuzP7E81f7k; 1s6qipc4hbhtn2Sm2Ob9Q6KJ-RpUMHTW1Nd2qLW-dQh8 | F67: 1JiZqaSfUCwjmIuoj73n4vCBj8g7EL9jxPaL1KJvfPCc
A68: Wk04 | B68: Sep 21–25 | C68: Investigative Processes (Steps of CSI) + Types of Evidence | D68: teach | E68: 1AcCoqBRMjP8HxTN4YhdgoJHG8YsmP_pUbhIQxR63RX8; 1DXUieD4_XPyW_WXtMcTJ--csEclE2iBcyAUZxi9opRg | F68: 1PL_ShQ21tsAvsGH4_farW91ZfMW0OsWUFU0gEUhUG2E
A69: Wk05 | B69: Sep 28–Oct 02 | C69: Observation & deductive-reasoning practice | D69: observation | F69: 1-Y7QzFWgqB52vitoVjP9P3MRfB2c-cls09xcnmNzuxA
A70: Wk06 | B70: Oct 05–09 | C70: Searching the Scene + Crime Scene Photography | D70: teach | E70: 10b5dnhsHJU0cUVZjN14UKXcr7MRw2rSl-FXa22nlXks; 1ULgGp13XkoEmqVnkcIbNwnn2N3bUYNrufUlfIW_du9k | F70: 1Euq_aGLTDFof_f0PPa3IMCAjUOubVGd2Qz4KCZfd_8g
A71: Wk07 | B71: Oct 12–16 | C71: Sketching the Scene + Evidence Collection | D71: teach | E71: 1DstCArAp7lAf1LpJaZzra94a_zJa9nBHc95jyNAuWvs; 1bFepHGCFqj3T8SbqMP7uGFu9wywpxtnFdbTsVpWu2us | F71: 1fOnykzGfuryRODvm1-wu6JX6r25Cys_A-vm-63cDuaw
A72: Wk08 | B72: Oct 19–23 | C72: The History of Forensics + Crime Scene to Courtroom | D72: teach | E72: 1BqwJeX1YEsgosRmVj5UPkRg6YThpPRG1Z08-u0UEDWo; 1YGGLHRAaFxuRiw-tG6Q9ygbDHhLgTYZHDQhThPqAB5Q | F72: 1UdLPgr-nDK7kdw8B1c4FoQ-JXt6Y3IhU1rsNnSIzxN0
A73: Wk09 | B73: Oct 26–30 | C73: Unit 1 — Review & Assessment | D73: stub | F73: 1Ee4971m3x3hI0QFOkpo_qyS4hb92weCf2OzZ7Uf7_8Q
A74: Wk10 | B74: Nov 02–06 | C74: Mock Crime Scene — Unit 1 CSI Capstone | D74: pointer | F74: 1d1SO-ay7Wmg1xbCKjdB9aoq57xmNMjWbO-HDXbqf0hk
A75: Wk11 | B75: Nov 09–13 | C75: Arson | D75: teach | E75: 1XSk-m0wraSDOAydKKrcHHPbkB4Fm7CVbi9jqyoddNaM | F75: 1Z0Ekwsf6TOHvPI_fX4DNKvPC3E7QO1j9dvUEBLjVKZ4
A76: Wk12 | B76: Nov 16–20 | C76: Ballistics | D76: teach | E76: 1UW6wcGpWDHrkroHTi2I7V93nYF8BjE2Iu4Ir1eX7voY | F76: 1JkwWgGyiRGUQFgBN_bYn8fMbqnjMCZZdNqtDT5UU2UA
A77: Wk13 | B77: Nov 23–27 | C77: No classes — in-service + Thanksgiving | D77: stub | F77: 1Zbq8HrD1-BsR5M2AcYMSPW7cD_vM6DCzgxK5q7YNQjY
A78: Wk14 | B78: Nov 30–Dec 04 | C78: Blood Evidence | D78: teach | F78: 1SBhuvC2rmosXLCLt1UL7CvNbO5dsDUT_7aE3CX_6uVI
A79: Wk15 | B79: Dec 07–11 | C79: Spatter | D79: cont | F79: 1Yivm0sbO3GXQENFOw_ekOe8fT8mnnG3cpKWGCRwhrDk
A80: Wk16 | B80: Dec 14–18 | C80: DNA Profiling | D80: teach | E80: 1jyV8PiZA0TkBJoOmEfDS_RsktuB5ITucYQD-h8y-zpU | F80: 1pwkiI4lo1QDpco7vsByJE37EVgyzdDCVQwnp22L5onw
A81: Wk17 | B81: Jan 04–08 | C81: Match Probability | D81: cont | E81: 1jyV8PiZA0TkBJoOmEfDS_RsktuB5ITucYQD-h8y-zpU | F81: 12_-j1di9F9IZ47MitYnJhWjovXhLHA3SV8I1eZ7ZBPA
A82: Wk18 | B82: Jan 11–15 | C82: Fibers | D82: teach | E82: 1LIF8BhLMwsdK5vb80RtDnaFf4gnHe1mk7InmkbfHqG8 | F82: 1ExJwzXvyaOsxwNT5uqIyeGeF9ajIIOiqpJ2TwB_vc6c
A83: Wk19 | B83: Jan 18–22 | C83: Fingerprints | D83: teach | E83: 1ZOzTpWERifiyjgFqpRgJ9uWS_WDmm5j8NpW5NdN7NMo | F83: 1qW-aaq5w27TL3GSirUb04JbdoOQt7LQjc_I5jwXZk38
A84: Wk20 | B84: Jan 25–29 | C84: Hair | D84: teach | E84: 1Nz6j1s01w9_3NJeRz4Q_ROz_ZRNZql4EJr-bZ4gUst4 | F84: 1UYaqHjib1CwernXdkLuI7QhucRoVaz8OAE8FwxzqMLE
A85: Wk21 | B85: Feb 01–05 | C85: Unit 2 — Review & Assessment | D85: stub | F85: 17sNV9sNB6A6wpAODW_DfXRIfzYKm6Q7NdB15qcSSBDQ
A86: Wk22 | B86: Feb 08–12 | C86: Cold Case Synthesis — Unit 2 Capstone | D86: pointer | F86: 1x1GzeBjdBMVFs5Z8BgBc_q6H0rMfZ6vvdOFvy6RDNic
A87: Wk23 | B87: Feb 15–19 | C87: Forensic Pathology + Expert in Court | D87: pointer | F87: 1-Sfe7tb7qJwlTj9x9PPZD6n-N20BYV8QqmNVfAdpjOI
A88: Wk24 | B88: Feb 22–26 | C88: Toxicology | D88: teach | E88: 1fNDPqr4IlnT1jwgec19fOGTdWr3UxQdKGOlGC3G6TQo | F88: 1wYs2FUi6ShI8ilzMJKYktu4GdCB9IXER6oevplM_P5Y
A89: Wk25 | B89: Mar 01–05 | C89: The Effect of Drugs | D89: cont | E89: 1fNDPqr4IlnT1jwgec19fOGTdWr3UxQdKGOlGC3G6TQo | F89: 153NaMxPfx90coIejP6h7Q9ByM99y2BGXiBSAQbHMI0o
A90: Wk26 | B90: Mar 08–12 | C90: Toxicology — Review & Assessment | D90: stub | F90: 1siAFhFUB1wFulmZMzQ6Y6hyPq8HRfp4sOs6mTzPQ5mE
A91: Wk27 | B91: Mar 15–19 | C91: Death Investigation | D91: teach | E91: 1J3Th9UkzReTsCmG1TstRXFQ1-a_cVCUSapHCdlDqL6k | F91: 1m5fRoL-bMKzf_zyyXP6v9qYp_1nA6BMrJ7yWsX5VDSM
A92: Wk28 | B92: Mar 22–26 | C92: Spring Break — no classes | D92: stub | F92: 1ZpjPuLVC-Q-oS7HxkGxrfuHnFQulsk6TTu0JWqqUEqQ
A93: Wk29 | B93: Mar 29–Apr 02 | C93: Time of Death: Livor/Rigor/Algor | D93: cont | E93: 1J3Th9UkzReTsCmG1TstRXFQ1-a_cVCUSapHCdlDqL6k | F93: 19G5uZ6SvTwOoUxw9kxo7ZXDlOKGJhMb2e8U9xkQVCUw
A94: Wk30 | B94: Apr 05–09 | C94: The Autopsy | D94: teach | E94: 1LlZRE_BR76zHtAkz8XXfMJl7AQARqXg5iPQChPVj1Dg | F94: 1gZFqnyjueZkWbq3E7rboId_h9Sp8fFcR-t43dDuhYsU
A95: Wk31 | B95: Apr 12–16 | C95: Autopsy: Fetal Pig Dissection | D95: pointer | F95: 1WyzWz4BSJ_9FuwF52mG25hHdsN7Q4SCSnZld3JAY6ZA
A96: Wk32 | B96: Apr 19–23 | C96: Autopsy dissection cont. / unit buffer | D96: stub | F96: 1CpMxXSo1BNzXUilEmvmuOD1A5AVwIaLTp4VLDWiikco
A97: Wk33 | B97: Apr 26–30 | C97: Forensic Entomology | D97: teach | E97: 1AaP0erYVsKQKRyQyOlRR9JYdGp6ivSMh0aZ5HctgTLU | F97: 19LqrneqEGQul6T2x3Wc1e_ZBjyT9oo8vFD1K9t3J5EQ
A98: Wk34 | B98: May 03–07 | C98: Forensic Anthropology | D98: teach | E98: 1hBbgnXJyfb8I8QPjBk7LfzK_WVG5-wESElFUALP4aus | F98: 1xzdnzmrql-qBTfzD2afOKFMIAnzi0LzZWxxMgv6olew
A99: Wk35 | B99: May 10–14 | C99: Pelvic + Long Bones | D99: cont | E99: 1hBbgnXJyfb8I8QPjBk7LfzK_WVG5-wESElFUALP4aus | F99: 1kSWGJKDltugArMXbU3PYhnvlTkd5biL4Kbwq_iZwt8A
A100: Wk36 | B100: May 17–21 | C100: Capstone: Conviction Integrity Review | D100: pointer | F100: 1mdp3WNgIdzpMviT23Eh-Y_ZWSWOOf5_9K-Rnaw6EHU0
A101: Wk37 | B101: May 24–28 | C101: — | D101: stub | F101: 11dVA8wC7kY1p7IX3uECpA6mYP2VlPy70BEROglv4GaE
